BreachName,Title,DataClass,PwnCount,BreachYear,ImpactLevel,IsVerified,IsSensitive
000webhost,000webhost,Email addresses,14936670,2015,Critical,True,False
000webhost,000webhost,IP addresses,14936670,2015,Critical,True,False
000webhost,000webhost,Names,14936670,2015,Critical,True,False
000webhost,000webhost,Passwords,14936670,2015,Critical,True,False
123RF,123RF,Email addresses,8661578,2020,High,True,False
123RF,123RF,IP addresses,8661578,2020,High,True,False
123RF,123RF,Names,8661578,2020,High,True,False
123RF,123RF,Passwords,8661578,2020,High,True,False
123RF,123RF,Phone numbers,8661578,2020,High,True,False
123RF,123RF,Physical addresses,8661578,2020,High,True,False
123RF,123RF,Usernames,8661578,2020,High,True,False
126,126,Email addresses,6414191,2012,High,False,False
126,126,Passwords,6414191,2012,High,False,False
17Media,17,Device information,4009640,2016,High,True,False
17Media,17,Email addresses,4009640,2016,High,True,False
17Media,17,IP addresses,4009640,2016,High,True,False
17Media,17,Passwords,4009640,2016,High,True,False
17Media,17,Usernames,4009640,2016,High,True,False
17173,17173,Email addresses,7485802,2011,High,False,False
17173,17173,Passwords,7485802,2011,High,False,False
17173,17173,Usernames,7485802,2011,High,False,False
2844Breaches,"2,844 Separate Data Breaches",Email addresses,80115532,2018,Critical,False,False
2844Breaches,"2,844 Separate Data Breaches",Passwords,80115532,2018,Critical,False,False
2fast4u,2fast4u,Email addresses,17706,2017,Low,True,False
2fast4u,2fast4u,Passwords,17706,2017,Low,True,False
2fast4u,2fast4u,Usernames,17706,2017,Low,True,False
500px,500px,Dates of birth,14867999,2018,Critical,True,False
500px,500px,Email addresses,14867999,2018,Critical,True,False
500px,500px,Genders,14867999,2018,Critical,True,False
500px,500px,Geographic locations,14867999,2018,Critical,True,False
500px,500px,Names,14867999,2018,Critical,True,False
500px,500px,Passwords,14867999,2018,Critical,True,False
500px,500px,Usernames,14867999,2018,Critical,True,False
7k7k,7k7k,Email addresses,9121434,2011,High,False,False
7k7k,7k7k,Passwords,9121434,2011,High,False,False
7k7k,7k7k,Usernames,9121434,2011,High,False,False
8fit,8fit,Email addresses,15025407,2018,Critical,True,False
8fit,8fit,Genders,15025407,2018,Critical,True,False
8fit,8fit,Geographic locations,15025407,2018,Critical,True,False
8fit,8fit,IP addresses,15025407,2018,Critical,True,False
8fit,8fit,Names,15025407,2018,Critical,True,False
8fit,8fit,Passwords,15025407,2018,Critical,True,False
8tracks,8tracks,Email addresses,17979961,2017,Critical,True,False
8tracks,8tracks,Passwords,17979961,2017,Critical,True,False
Abandonia,Abandonia (2015),Email addresses,776125,2015,Medium,True,False
Abandonia,Abandonia (2015),IP addresses,776125,2015,Medium,True,False
Abandonia,Abandonia (2015),Passwords,776125,2015,Medium,True,False
Abandonia,Abandonia (2015),Usernames,776125,2015,Medium,True,False
Abandonia2022,Abandonia (2022),Email addresses,919790,2022,Medium,True,False
Abandonia2022,Abandonia (2022),IP addresses,919790,2022,Medium,True,False
Abandonia2022,Abandonia (2022),Passwords,919790,2022,Medium,True,False
Abandonia2022,Abandonia (2022),Usernames,919790,2022,Medium,True,False
AbuseWithUs,AbuseWith.Us,Email addresses,1372550,2016,High,True,False
AbuseWithUs,AbuseWith.Us,IP addresses,1372550,2016,High,True,False
AbuseWithUs,AbuseWith.Us,Passwords,1372550,2016,High,True,False
AbuseWithUs,AbuseWith.Us,Usernames,1372550,2016,High,True,False
AcneOrg,Acne.org,Dates of birth,432943,2014,Medium,True,False
AcneOrg,Acne.org,Email addresses,432943,2014,Medium,True,False
AcneOrg,Acne.org,IP addresses,432943,2014,Medium,True,False
AcneOrg,Acne.org,Passwords,432943,2014,Medium,True,False
AcneOrg,Acne.org,Usernames,432943,2014,Medium,True,False
Activision,Activision,Email addresses,16006,2022,Low,True,False
Activision,Activision,Geographic locations,16006,2022,Low,True,False
Activision,Activision,Job titles,16006,2022,Low,True,False
Activision,Activision,Names,16006,2022,Low,True,False
Activision,Activision,Phone numbers,16006,2022,Low,True,False
ActMobile,ActMobile,Email addresses,1583193,2021,High,False,False
ActMobile,ActMobile,IP addresses,1583193,2021,High,False,False
Acuity,Acuity,Dates of birth,14055729,2020,Critical,True,False
Acuity,Acuity,Email addresses,14055729,2020,Critical,True,False
Acuity,Acuity,Genders,14055729,2020,Critical,True,False
Acuity,Acuity,IP addresses,14055729,2020,Critical,True,False
Acuity,Acuity,Names,14055729,2020,Critical,True,False
Acuity,Acuity,Phone numbers,14055729,2020,Critical,True,False
Acuity,Acuity,Physical addresses,14055729,2020,Critical,True,False
Acuity,Acuity,Salutations,14055729,2020,Critical,True,False
Adapt,Adapt,Email addresses,9363740,2018,High,True,False
Adapt,Adapt,Employers,9363740,2018,High,True,False
Adapt,Adapt,Job titles,9363740,2018,High,True,False
Adapt,Adapt,Names,9363740,2018,High,True,False
Adapt,Adapt,Phone numbers,9363740,2018,High,True,False
Adapt,Adapt,Physical addresses,9363740,2018,High,True,False
Adapt,Adapt,Social media profiles,9363740,2018,High,True,False
Adecco,Adecco,Email addresses,4284538,2021,High,True,False
Adecco,Adecco,Genders,4284538,2021,High,True,False
Adecco,Adecco,Geographic locations,4284538,2021,High,True,False
Adecco,Adecco,Marital statuses,4284538,2021,High,True,False
Adecco,Adecco,Names,4284538,2021,High,True,False
Adecco,Adecco,Passwords,4284538,2021,High,True,False
Adecco,Adecco,Phone numbers,4284538,2021,High,True,False
ABFRL,Aditya Birla Fashion and Retail,Email addresses,5470063,2021,High,True,False
ABFRL,Aditya Birla Fashion and Retail,Genders,5470063,2021,High,True,False
ABFRL,Aditya Birla Fashion and Retail,Income levels,5470063,2021,High,True,False
ABFRL,Aditya Birla Fashion and Retail,Job titles,5470063,2021,High,True,False
ABFRL,Aditya Birla Fashion and Retail,Marital statuses,5470063,2021,High,True,False
ABFRL,Aditya Birla Fashion and Retail,Names,5470063,2021,High,True,False
ABFRL,Aditya Birla Fashion and Retail,Passwords,5470063,2021,High,True,False
ABFRL,Aditya Birla Fashion and Retail,Phone numbers,5470063,2021,High,True,False
ABFRL,Aditya Birla Fashion and Retail,Physical addresses,5470063,2021,High,True,False
ABFRL,Aditya Birla Fashion and Retail,Purchases,5470063,2021,High,True,False
ABFRL,Aditya Birla Fashion and Retail,Religions,5470063,2021,High,True,False
ABFRL,Aditya Birla Fashion and Retail,Salutations,5470063,2021,High,True,False
Adobe,Adobe,Email addresses,152445165,2013,Critical,True,False
Adobe,Adobe,Password hints,152445165,2013,Critical,True,False
Adobe,Adobe,Passwords,152445165,2013,Critical,True,False
Adobe,Adobe,Usernames,152445165,2013,Critical,True,False
AdultFriendFinder,Adult FriendFinder (2015),Dates of birth,3867997,2015,High,True,True
AdultFriendFinder,Adult FriendFinder (2015),Email addresses,3867997,2015,High,True,True
AdultFriendFinder,Adult FriendFinder (2015),Genders,3867997,2015,High,True,True
AdultFriendFinder,Adult FriendFinder (2015),Geographic locations,3867997,2015,High,True,True
AdultFriendFinder,Adult FriendFinder (2015),IP addresses,3867997,2015,High,True,True
AdultFriendFinder,Adult FriendFinder (2015),Races,3867997,2015,High,True,True
AdultFriendFinder,Adult FriendFinder (2015),Relationship statuses,3867997,2015,High,True,True
AdultFriendFinder,Adult FriendFinder (2015),Sexual orientations,3867997,2015,High,True,True
AdultFriendFinder,Adult FriendFinder (2015),Spoken languages,3867997,2015,High,True,True
AdultFriendFinder,Adult FriendFinder (2015),Usernames,3867997,2015,High,True,True
AdultFriendFinder2016,Adult FriendFinder (2016),Email addresses,169746810,2016,Critical,True,True
AdultFriendFinder2016,Adult FriendFinder (2016),Passwords,169746810,2016,Critical,True,True
AdultFriendFinder2016,Adult FriendFinder (2016),Spoken languages,169746810,2016,Critical,True,True
AdultFriendFinder2016,Adult FriendFinder (2016),Usernames,169746810,2016,Critical,True,True
AdultFanFiction,Adult-FanFiction.Org,Dates of birth,186082,2018,Medium,True,True
AdultFanFiction,Adult-FanFiction.Org,Email addresses,186082,2018,Medium,True,True
AdultFanFiction,Adult-FanFiction.Org,Names,186082,2018,Medium,True,True
AdultFanFiction,Adult-FanFiction.Org,Passwords,186082,2018,Medium,True,True
AerServ,AerServ,Email addresses,66308,2018,Low,True,False
AerServ,AerServ,Employers,66308,2018,Low,True,False
AerServ,AerServ,Job titles,66308,2018,Low,True,False
AerServ,AerServ,Names,66308,2018,Low,True,False
AerServ,AerServ,Passwords,66308,2018,Low,True,False
AerServ,AerServ,Phone numbers,66308,2018,Low,True,False
AerServ,AerServ,Physical addresses,66308,2018,Low,True,False
AgusiQTorrents,AgusiQ-Torrents.pl,Email addresses,90478,2019,Low,True,False
AgusiQTorrents,AgusiQ-Torrents.pl,IP addresses,90478,2019,Low,True,False
AgusiQTorrents,AgusiQ-Torrents.pl,Passwords,90478,2019,Low,True,False
AgusiQTorrents,AgusiQ-Torrents.pl,Usernames,90478,2019,Low,True,False
AhaShare,AhaShare.com,Email addresses,180468,2013,Medium,True,False
AhaShare,AhaShare.com,Genders,180468,2013,Medium,True,False
AhaShare,AhaShare.com,Geographic locations,180468,2013,Medium,True,False
AhaShare,AhaShare.com,IP addresses,180468,2013,Medium,True,False
AhaShare,AhaShare.com,Partial dates of birth,180468,2013,Medium,True,False
AhaShare,AhaShare.com,Passwords,180468,2013,Medium,True,False
AhaShare,AhaShare.com,Usernames,180468,2013,Medium,True,False
AhaShare,AhaShare.com,Website activity,180468,2013,Medium,True,False
AIType,ai.type,Address book contacts,20580060,2017,Critical,True,False
AIType,ai.type,Apps installed on devices,20580060,2017,Critical,True,False
AIType,ai.type,Cellular network names,20580060,2017,Critical,True,False
AIType,ai.type,Dates of birth,20580060,2017,Critical,True,False
AIType,ai.type,Device information,20580060,2017,Critical,True,False
AIType,ai.type,Email addresses,20580060,2017,Critical,True,False
AIType,ai.type,Genders,20580060,2017,Critical,True,False
AIType,ai.type,Geographic locations,20580060,2017,Critical,True,False
AIType,ai.type,IMEI numbers,20580060,2017,Critical,True,False
AIType,ai.type,IMSI numbers,20580060,2017,Critical,True,False
AIType,ai.type,IP addresses,20580060,2017,Critical,True,False
AIType,ai.type,Names,20580060,2017,Critical,True,False
AIType,ai.type,Phone numbers,20580060,2017,Critical,True,False
AIType,ai.type,Profile photos,20580060,2017,Critical,True,False
AIType,ai.type,Social media profiles,20580060,2017,Critical,True,False
Aimware,Aimware,Email addresses,305470,2019,Medium,True,False
Aimware,Aimware,IP addresses,305470,2019,Medium,True,False
Aimware,Aimware,Passwords,305470,2019,Medium,True,False
Aimware,Aimware,Private messages,305470,2019,Medium,True,False
Aimware,Aimware,Usernames,305470,2019,Medium,True,False
Aimware,Aimware,Website activity,305470,2019,Medium,True,False
Aipai,Aipai.com,Email addresses,6496778,2016,High,False,False
Aipai,Aipai.com,Passwords,6496778,2016,High,False,False
Ajarn,Ajarn,Dates of birth,266399,2018,Medium,True,False
Ajarn,Ajarn,Education levels,266399,2018,Medium,True,False
Ajarn,Ajarn,Email addresses,266399,2018,Medium,True,False
Ajarn,Ajarn,Genders,266399,2018,Medium,True,False
Ajarn,Ajarn,Geographic locations,266399,2018,Medium,True,False
Ajarn,Ajarn,Job applications,266399,2018,Medium,True,False
Ajarn,Ajarn,Marital statuses,266399,2018,Medium,True,False
Ajarn,Ajarn,Names,266399,2018,Medium,True,False
Ajarn,Ajarn,Nationalities,266399,2018,Medium,True,False
Ajarn,Ajarn,Passwords,266399,2018,Medium,True,False
Ajarn,Ajarn,Phone numbers,266399,2018,Medium,True,False
Ajarn,Ajarn,Profile photos,266399,2018,Medium,True,False
AKP,AKP Emails,Email addresses,917461,2016,Medium,True,False
AKP,AKP Emails,Email messages,917461,2016,Medium,True,False
AmartFurniture,Amart Furniture,Email addresses,108940,2022,Medium,True,False
AmartFurniture,Amart Furniture,Names,108940,2022,Medium,True,False
AmartFurniture,Amart Furniture,Passwords,108940,2022,Medium,True,False
AmartFurniture,Amart Furniture,Phone numbers,108940,2022,Medium,True,False
AmartFurniture,Amart Furniture,Physical addresses,108940,2022,Medium,True,False
Ancestry,Ancestry,Email addresses,297806,2015,Medium,True,False
Ancestry,Ancestry,Passwords,297806,2015,Medium,True,False
AndroidForums,Android Forums,Dates of birth,745355,2011,Medium,True,False
AndroidForums,Android Forums,Email addresses,745355,2011,Medium,True,False
AndroidForums,Android Forums,Homepage URLs,745355,2011,Medium,True,False
AndroidForums,Android Forums,Instant messenger identities,745355,2011,Medium,True,False
AndroidForums,Android Forums,IP addresses,745355,2011,Medium,True,False
AndroidForums,Android Forums,Passwords,745355,2011,Medium,True,False
AndroidLista,AndroidLista,Email addresses,6640643,2021,High,True,False
AndroidLista,AndroidLista,Names,6640643,2021,High,True,False
AndroidLista,AndroidLista,Passwords,6640643,2021,High,True,False
AndroidLista,AndroidLista,Usernames,6640643,2021,High,True,False
AnimalJam,Animal Jam,Dates of birth,7104998,2020,High,True,False
AnimalJam,Animal Jam,Email addresses,7104998,2020,High,True,False
AnimalJam,Animal Jam,Genders,7104998,2020,High,True,False
AnimalJam,Animal Jam,IP addresses,7104998,2020,High,True,False
AnimalJam,Animal Jam,Names,7104998,2020,High,True,False
AnimalJam,Animal Jam,Passwords,7104998,2020,High,True,False
AnimalJam,Animal Jam,Physical addresses,7104998,2020,High,True,False
AnimalJam,Animal Jam,Usernames,7104998,2020,High,True,False
AnimeGame,AnimeGame,Email addresses,1431378,2020,High,True,False
AnimeGame,AnimeGame,Passwords,1431378,2020,High,True,False
AnimeGame,AnimeGame,Usernames,1431378,2020,High,True,False
AnimePlanet,Anime-Planet,Dates of birth,368507,2016,Medium,True,False
AnimePlanet,Anime-Planet,Email addresses,368507,2016,Medium,True,False
AnimePlanet,Anime-Planet,IP addresses,368507,2016,Medium,True,False
AnimePlanet,Anime-Planet,Passwords,368507,2016,Medium,True,False
AnimePlanet,Anime-Planet,Usernames,368507,2016,Medium,True,False
Animoto,Animoto,Dates of birth,22437749,2018,Critical,True,False
Animoto,Animoto,Email addresses,22437749,2018,Critical,True,False
Animoto,Animoto,Geographic locations,22437749,2018,Critical,True,False
Animoto,Animoto,Names,22437749,2018,Critical,True,False
Animoto,Animoto,Passwords,22437749,2018,Critical,True,False
AntiPublic,Anti Public Combo List,Email addresses,457962538,2016,Critical,False,False
AntiPublic,Anti Public Combo List,Passwords,457962538,2016,Critical,False,False
ApexSMS,ApexSMS,Email addresses,23246481,2019,Critical,True,False
ApexSMS,ApexSMS,Genders,23246481,2019,Critical,True,False
ApexSMS,ApexSMS,Geographic locations,23246481,2019,Critical,True,False
ApexSMS,ApexSMS,IP addresses,23246481,2019,Critical,True,False
ApexSMS,ApexSMS,Names,23246481,2019,Critical,True,False
ApexSMS,ApexSMS,Phone numbers,23246481,2019,Critical,True,False
ApexSMS,ApexSMS,Telecommunications carrier,23246481,2019,Critical,True,False
APKTW,APK.TW,Email addresses,2451197,2022,High,True,False
APKTW,APK.TW,IP addresses,2451197,2022,High,True,False
APKTW,APK.TW,Passwords,2451197,2022,High,True,False
APKTW,APK.TW,Usernames,2451197,2022,High,True,False
Apollo,Apollo,Email addresses,125929660,2018,Critical,True,False
Apollo,Apollo,Employers,125929660,2018,Critical,True,False
Apollo,Apollo,Geographic locations,125929660,2018,Critical,True,False
Apollo,Apollo,Job titles,125929660,2018,Critical,True,False
Apollo,Apollo,Names,125929660,2018,Critical,True,False
Apollo,Apollo,Phone numbers,125929660,2018,Critical,True,False
Apollo,Apollo,Salutations,125929660,2018,Critical,True,False
Apollo,Apollo,Social media profiles,125929660,2018,Critical,True,False
Appartoo,Appartoo,Ages,49681,2017,Low,True,False
Appartoo,Appartoo,Auth tokens,49681,2017,Low,True,False
Appartoo,Appartoo,Email addresses,49681,2017,Low,True,False
Appartoo,Appartoo,Employment statuses,49681,2017,Low,True,False
Appartoo,Appartoo,Genders,49681,2017,Low,True,False
Appartoo,Appartoo,IP addresses,49681,2017,Low,True,False
Appartoo,Appartoo,Marital statuses,49681,2017,Low,True,False
Appartoo,Appartoo,Names,49681,2017,Low,True,False
Appartoo,Appartoo,Passwords,49681,2017,Low,True,False
Appartoo,Appartoo,Physical addresses,49681,2017,Low,True,False
Appartoo,Appartoo,Private messages,49681,2017,Low,True,False
Appartoo,Appartoo,Social media profiles,49681,2017,Low,True,False
Appen,Appen,Email addresses,5888405,2020,High,True,False
Appen,Appen,Employers,5888405,2020,High,True,False
Appen,Appen,IP addresses,5888405,2020,High,True,False
Appen,Appen,Names,5888405,2020,High,True,False
Appen,Appen,Passwords,5888405,2020,High,True,False
Appen,Appen,Phone numbers,5888405,2020,High,True,False
Aptoide,Aptoide,Browser user agent details,20012235,2020,Critical,True,False
Aptoide,Aptoide,Email addresses,20012235,2020,Critical,True,False
Aptoide,Aptoide,IP addresses,20012235,2020,Critical,True,False
Aptoide,Aptoide,Names,20012235,2020,Critical,True,False
Aptoide,Aptoide,Passwords,20012235,2020,Critical,True,False
ArmorGames,Armor Games,Bios,10604307,2019,Critical,True,False
ArmorGames,Armor Games,Dates of birth,10604307,2019,Critical,True,False
ArmorGames,Armor Games,Email addresses,10604307,2019,Critical,True,False
ArmorGames,Armor Games,Genders,10604307,2019,Critical,True,False
ArmorGames,Armor Games,Geographic locations,10604307,2019,Critical,True,False
ArmorGames,Armor Games,IP addresses,10604307,2019,Critical,True,False
ArmorGames,Armor Games,Passwords,10604307,2019,Critical,True,False
ArmorGames,Armor Games,Usernames,10604307,2019,Critical,True,False
ArmyForceOnline,Army Force Online,Avatars,1531235,2016,High,True,False
ArmyForceOnline,Army Force Online,Email addresses,1531235,2016,High,True,False
ArmyForceOnline,Army Force Online,Geographic locations,1531235,2016,High,True,False
ArmyForceOnline,Army Force Online,IP addresses,1531235,2016,High,True,False
ArmyForceOnline,Army Force Online,Names,1531235,2016,High,True,False
ArmyForceOnline,Army Force Online,Passwords,1531235,2016,High,True,False
ArmyForceOnline,Army Force Online,Usernames,1531235,2016,High,True,False
ArmyForceOnline,Army Force Online,Website activity,1531235,2016,High,True,False
Artsy,Artsy,Email addresses,1079970,2018,High,True,False
Artsy,Artsy,IP addresses,1079970,2018,High,True,False
Artsy,Artsy,Names,1079970,2018,High,True,False
Artsy,Artsy,Passwords,1079970,2018,High,True,False
Artvalue,Artvalue,Email addresses,157692,2019,Medium,True,False
Artvalue,Artvalue,Names,157692,2019,Medium,True,False
Artvalue,Artvalue,Passwords,157692,2019,Medium,True,False
Artvalue,Artvalue,Salutations,157692,2019,Medium,True,False
Artvalue,Artvalue,Usernames,157692,2019,Medium,True,False
AshleyMadison,Ashley Madison,Dates of birth,30811934,2015,Critical,True,True
AshleyMadison,Ashley Madison,Email addresses,30811934,2015,Critical,True,True
AshleyMadison,Ashley Madison,Ethnicities,30811934,2015,Critical,True,True
AshleyMadison,Ashley Madison,Genders,30811934,2015,Critical,True,True
AshleyMadison,Ashley Madison,Names,30811934,2015,Critical,True,True
AshleyMadison,Ashley Madison,Passwords,30811934,2015,Critical,True,True
AshleyMadison,Ashley Madison,Payment histories,30811934,2015,Critical,True,True
AshleyMadison,Ashley Madison,Phone numbers,30811934,2015,Critical,True,True
AshleyMadison,Ashley Madison,Physical addresses,30811934,2015,Critical,True,True
AshleyMadison,Ashley Madison,Security questions and answers,30811934,2015,Critical,True,True
AshleyMadison,Ashley Madison,Sexual orientations,30811934,2015,Critical,True,True
AshleyMadison,Ashley Madison,Usernames,30811934,2015,Critical,True,True
AshleyMadison,Ashley Madison,Website activity,30811934,2015,Critical,True,True
AstroPID,Astropid,Email addresses,5788,2013,Low,True,False
AstroPID,Astropid,Instant messenger identities,5788,2013,Low,True,False
AstroPID,Astropid,IP addresses,5788,2013,Low,True,False
AstroPID,Astropid,Names,5788,2013,Low,True,False
AstroPID,Astropid,Passwords,5788,2013,Low,True,False
AstroPID,Astropid,Private messages,5788,2013,Low,True,False
AstroPID,Astropid,Usernames,5788,2013,Low,True,False
AstroPID,Astropid,Website activity,5788,2013,Low,True,False
AllegedATT,AT&T,Dates of birth,49102176,2021,Critical,True,False
AllegedATT,AT&T,Email addresses,49102176,2021,Critical,True,False
AllegedATT,AT&T,Government issued IDs,49102176,2021,Critical,True,False
AllegedATT,AT&T,Names,49102176,2021,Critical,True,False
AllegedATT,AT&T,Phone numbers,49102176,2021,Critical,True,False
AllegedATT,AT&T,Physical addresses,49102176,2021,Critical,True,False
Aternos,Aternos,Email addresses,1436486,2015,High,True,False
Aternos,Aternos,IP addresses,1436486,2015,High,True,False
Aternos,Aternos,Passwords,1436486,2015,High,True,False
Aternos,Aternos,Usernames,1436486,2015,High,True,False
Aternos,Aternos,Website activity,1436486,2015,High,True,False
AtlasQuantum,Atlas Quantum,Account balances,261463,2018,Medium,True,False
AtlasQuantum,Atlas Quantum,Email addresses,261463,2018,Medium,True,False
AtlasQuantum,Atlas Quantum,Names,261463,2018,Medium,True,False
AtlasQuantum,Atlas Quantum,Phone numbers,261463,2018,Medium,True,False
Atmeltomo,Atmeltomo,Email addresses,580177,2021,Medium,True,False
Atmeltomo,Atmeltomo,IP addresses,580177,2021,Medium,True,False
Atmeltomo,Atmeltomo,Passwords,580177,2021,Medium,True,False
Atmeltomo,Atmeltomo,Usernames,580177,2021,Medium,True,False
Audi,Audi,Dates of birth,2743539,2019,High,True,False
Audi,Audi,Driver's licenses,2743539,2019,High,True,False
Audi,Audi,Email addresses,2743539,2019,High,True,False
Audi,Audi,Names,2743539,2019,High,True,False
Audi,Audi,Phone numbers,2743539,2019,High,True,False
Audi,Audi,Physical addresses,2743539,2019,High,True,False
Audi,Audi,Social security numbers,2743539,2019,High,True,False
Audi,Audi,Vehicle details,2743539,2019,High,True,False
Autocentrum,Autocentrum.pl,Email addresses,143717,2018,Medium,True,False
Autocentrum,Autocentrum.pl,Passwords,143717,2018,Medium,True,False
Autotrader,Autotrader,Email addresses,20032,2023,Low,True,False
Autotrader,Autotrader,Phone numbers,20032,2023,Low,True,False
Autotrader,Autotrader,Physical addresses,20032,2023,Low,True,False
Autotrader,Autotrader,Vehicle details,20032,2023,Low,True,False
Autotrader,Autotrader,Vehicle identification numbers (VINs),20032,2023,Low,True,False
Avast,Avast,Email addresses,422959,2014,Medium,True,False
Avast,Avast,Passwords,422959,2014,Medium,True,False
Avast,Avast,Usernames,422959,2014,Medium,True,False
Avito,Avito,Email addresses,2721835,2022,High,True,False
Avito,Avito,Geographic locations,2721835,2022,High,True,False
Avito,Avito,IP addresses,2721835,2022,High,True,False
Avito,Avito,Names,2721835,2022,High,True,False
Avito,Avito,Phone numbers,2721835,2022,High,True,False
Avvo,Avvo,Email addresses,4101101,2019,High,True,False
Avvo,Avvo,Passwords,4101101,2019,High,True,False
B2BUSABusinesses,B2B USA Businesses,Email addresses,105059554,2017,Critical,True,False
B2BUSABusinesses,B2B USA Businesses,Employers,105059554,2017,Critical,True,False
B2BUSABusinesses,B2B USA Businesses,Job titles,105059554,2017,Critical,True,False
B2BUSABusinesses,B2B USA Businesses,Names,105059554,2017,Critical,True,False
B2BUSABusinesses,B2B USA Businesses,Phone numbers,105059554,2017,Critical,True,False
B2BUSABusinesses,B2B USA Businesses,Physical addresses,105059554,2017,Critical,True,False
BabyNames,Baby Names,Email addresses,846742,2008,Medium,True,False
BabyNames,Baby Names,Passwords,846742,2008,Medium,True,False
Badoo,Badoo,Dates of birth,112005531,2013,Critical,False,True
Badoo,Badoo,Email addresses,112005531,2013,Critical,False,True
Badoo,Badoo,Genders,112005531,2013,Critical,False,True
Badoo,Badoo,Names,112005531,2013,Critical,False,True
Badoo,Badoo,Passwords,112005531,2013,Critical,False,True
Badoo,Badoo,Usernames,112005531,2013,Critical,False,True
BannerBit,BannerBit,Email addresses,213415,2018,Medium,True,False
BannerBit,BannerBit,Passwords,213415,2018,Medium,True,False
Banorte,Banorte,Account balances,2107000,2014,High,True,False
Banorte,Banorte,Email addresses,2107000,2014,High,True,False
Banorte,Banorte,Genders,2107000,2014,High,True,False
Banorte,Banorte,Government issued IDs,2107000,2014,High,True,False
Banorte,Banorte,Names,2107000,2014,High,True,False
Banorte,Banorte,Phone numbers,2107000,2014,High,True,False
Banorte,Banorte,Physical addresses,2107000,2014,High,True,False
BattlefieldHeroes,Battlefield Heroes,Passwords,530270,2011,Medium,True,False
BattlefieldHeroes,Battlefield Heroes,Usernames,530270,2011,Medium,True,False
Battlefy,Battlefy,Email addresses,83610,2016,Low,True,False
Battlefy,Battlefy,Passwords,83610,2016,Low,True,False
Battlefy,Battlefy,Usernames,83610,2016,Low,True,False
BeautifulPeople,Beautiful People,Beauty ratings,1100089,2015,High,True,True
BeautifulPeople,Beautiful People,Car ownership statuses,1100089,2015,High,True,True
BeautifulPeople,Beautiful People,Dates of birth,1100089,2015,High,True,True
BeautifulPeople,Beautiful People,Drinking habits,1100089,2015,High,True,True
BeautifulPeople,Beautiful People,Education levels,1100089,2015,High,True,True
BeautifulPeople,Beautiful People,Email addresses,1100089,2015,High,True,True
BeautifulPeople,Beautiful People,Genders,1100089,2015,High,True,True
BeautifulPeople,Beautiful People,Geographic locations,1100089,2015,High,True,True
BeautifulPeople,Beautiful People,Home ownership statuses,1100089,2015,High,True,True
BeautifulPeople,Beautiful People,Income levels,1100089,2015,High,True,True
BeautifulPeople,Beautiful People,IP addresses,1100089,2015,High,True,True
BeautifulPeople,Beautiful People,Job titles,1100089,2015,High,True,True
BeautifulPeople,Beautiful People,Names,1100089,2015,High,True,True
BeautifulPeople,Beautiful People,Passwords,1100089,2015,High,True,True
BeautifulPeople,Beautiful People,Personal descriptions,1100089,2015,High,True,True
BeautifulPeople,Beautiful People,Personal interests,1100089,2015,High,True,True
BeautifulPeople,Beautiful People,Physical attributes,1100089,2015,High,True,True
BeautifulPeople,Beautiful People,Sexual orientations,1100089,2015,High,True,True
BeautifulPeople,Beautiful People,Smoking habits,1100089,2015,High,True,True
BeautifulPeople,Beautiful People,Website activity,1100089,2015,High,True,True
Bell,Bell (2014 breach),Credit cards,20902,2014,Low,True,False
Bell,Bell (2014 breach),Genders,20902,2014,Low,True,False
Bell,Bell (2014 breach),Passwords,20902,2014,Low,True,False
Bell,Bell (2014 breach),Usernames,20902,2014,Low,True,False
Bell2017,Bell (2017 breach),Email addresses,2231256,2017,High,True,False
Bell2017,Bell (2017 breach),Geographic locations,2231256,2017,High,True,False
Bell2017,Bell (2017 breach),IP addresses,2231256,2017,High,True,False
Bell2017,Bell (2017 breach),Job titles,2231256,2017,High,True,False
Bell2017,Bell (2017 breach),Names,2231256,2017,High,True,False
Bell2017,Bell (2017 breach),Passwords,2231256,2017,High,True,False
Bell2017,Bell (2017 breach),Phone numbers,2231256,2017,High,True,False
Bell2017,Bell (2017 breach),Spoken languages,2231256,2017,High,True,False
Bell2017,Bell (2017 breach),Survey results,2231256,2017,High,True,False
Bell2017,Bell (2017 breach),Usernames,2231256,2017,High,True,False
Benchmark,Benchmark,Email addresses,93343,2019,Low,True,False
Benchmark,Benchmark,IP addresses,93343,2019,Low,True,False
Benchmark,Benchmark,Passwords,93343,2019,Low,True,False
Benchmark,Benchmark,Usernames,93343,2019,Low,True,False
Bestialitysextaboo,Bestialitysextaboo,Dates of birth,3204,2018,Low,True,True
Bestialitysextaboo,Bestialitysextaboo,Email addresses,3204,2018,Low,True,True
Bestialitysextaboo,Bestialitysextaboo,Genders,3204,2018,Low,True,True
Bestialitysextaboo,Bestialitysextaboo,Geographic locations,3204,2018,Low,True,True
Bestialitysextaboo,Bestialitysextaboo,IP addresses,3204,2018,Low,True,True
Bestialitysextaboo,Bestialitysextaboo,Passwords,3204,2018,Low,True,True
Bestialitysextaboo,Bestialitysextaboo,Private messages,3204,2018,Low,True,True
Bestialitysextaboo,Bestialitysextaboo,Usernames,3204,2018,Low,True,True
Bhinneka,Bhinneka,Dates of birth,1274340,2020,High,True,False
Bhinneka,Bhinneka,Email addresses,1274340,2020,High,True,False
Bhinneka,Bhinneka,Genders,1274340,2020,High,True,False
Bhinneka,Bhinneka,Names,1274340,2020,High,True,False
Bhinneka,Bhinneka,Passwords,1274340,2020,High,True,False
Bhinneka,Bhinneka,Phone numbers,1274340,2020,High,True,False
Bhinneka,Bhinneka,Physical addresses,1274340,2020,High,True,False
bigbasket,bigbasket,Dates of birth,24500011,2020,Critical,True,False
bigbasket,bigbasket,Email addresses,24500011,2020,Critical,True,False
bigbasket,bigbasket,IP addresses,24500011,2020,Critical,True,False
bigbasket,bigbasket,Names,24500011,2020,Critical,True,False
bigbasket,bigbasket,Passwords,24500011,2020,Critical,True,False
bigbasket,bigbasket,Phone numbers,24500011,2020,Critical,True,False
bigbasket,bigbasket,Physical addresses,24500011,2020,Critical,True,False
BigMoneyJobs,BigMoneyJobs,Career levels,36789,2014,Low,True,False
BigMoneyJobs,BigMoneyJobs,Education levels,36789,2014,Low,True,False
BigMoneyJobs,BigMoneyJobs,Email addresses,36789,2014,Low,True,False
BigMoneyJobs,BigMoneyJobs,Names,36789,2014,Low,True,False
BigMoneyJobs,BigMoneyJobs,Passwords,36789,2014,Low,True,False
BigMoneyJobs,BigMoneyJobs,Phone numbers,36789,2014,Low,True,False
BigMoneyJobs,BigMoneyJobs,Physical addresses,36789,2014,Low,True,False
BigMoneyJobs,BigMoneyJobs,Salutations,36789,2014,Low,True,False
BigMoneyJobs,BigMoneyJobs,User website URLs,36789,2014,Low,True,False
BigMoneyJobs,BigMoneyJobs,Website activity,36789,2014,Low,True,False
BinWeevils,Bin Weevils,Ages,1287073,2014,High,True,False
BinWeevils,Bin Weevils,Email addresses,1287073,2014,High,True,False
BinWeevils,Bin Weevils,Genders,1287073,2014,High,True,False
BinWeevils,Bin Weevils,IP addresses,1287073,2014,High,True,False
BinWeevils,Bin Weevils,Passwords,1287073,2014,High,True,False
BinWeevils,Bin Weevils,Usernames,1287073,2014,High,True,False
BiohackMe,Biohack.me,Email addresses,3402,2016,Low,True,False
BiohackMe,Biohack.me,Passwords,3402,2016,Low,True,False
BiohackMe,Biohack.me,Private messages,3402,2016,Low,True,False
BiohackMe,Biohack.me,Usernames,3402,2016,Low,True,False
BTSec,Bitcoin Security Forum Gmail Dump,Email addresses,4789599,2014,High,True,False
BTSec,Bitcoin Security Forum Gmail Dump,Passwords,4789599,2014,High,True,False
BitcoinTalk,Bitcoin Talk,Dates of birth,501407,2015,Medium,True,False
BitcoinTalk,Bitcoin Talk,Email addresses,501407,2015,Medium,True,False
BitcoinTalk,Bitcoin Talk,Genders,501407,2015,Medium,True,False
BitcoinTalk,Bitcoin Talk,IP addresses,501407,2015,Medium,True,False
BitcoinTalk,Bitcoin Talk,Passwords,501407,2015,Medium,True,False
BitcoinTalk,Bitcoin Talk,Security questions and answers,501407,2015,Medium,True,False
BitcoinTalk,Bitcoin Talk,Usernames,501407,2015,Medium,True,False
BitcoinTalk,Bitcoin Talk,Website activity,501407,2015,Medium,True,False
Bitly,Bitly,Email addresses,9313136,2014,High,True,False
Bitly,Bitly,Passwords,9313136,2014,High,True,False
Bitly,Bitly,Usernames,9313136,2014,High,True,False
BitTorrent,BitTorrent,Email addresses,34235,2016,Low,True,False
BitTorrent,BitTorrent,IP addresses,34235,2016,Low,True,False
BitTorrent,BitTorrent,Passwords,34235,2016,Low,True,False
BitTorrent,BitTorrent,Usernames,34235,2016,Low,True,False
BlackHatWorld,Black Hat World,Dates of birth,777387,2014,Medium,True,False
BlackHatWorld,Black Hat World,Email addresses,777387,2014,Medium,True,False
BlackHatWorld,Black Hat World,Instant messenger identities,777387,2014,Medium,True,False
BlackHatWorld,Black Hat World,IP addresses,777387,2014,Medium,True,False
BlackHatWorld,Black Hat World,Passwords,777387,2014,Medium,True,False
BlackHatWorld,Black Hat World,Usernames,777387,2014,Medium,True,False
BlackHatWorld,Black Hat World,Website activity,777387,2014,Medium,True,False
BlackBerryFans,BlackBerry Fans,Email addresses,174168,2022,Medium,True,False
BlackBerryFans,BlackBerry Fans,IP addresses,174168,2022,Medium,True,False
BlackBerryFans,BlackBerry Fans,Passwords,174168,2022,Medium,True,False
BlackBerryFans,BlackBerry Fans,Usernames,174168,2022,Medium,True,False
BlackSpigotMC,BlackSpigotMC,Device information,140029,2019,Medium,True,False
BlackSpigotMC,BlackSpigotMC,Email addresses,140029,2019,Medium,True,False
BlackSpigotMC,BlackSpigotMC,Genders,140029,2019,Medium,True,False
BlackSpigotMC,BlackSpigotMC,Geographic locations,140029,2019,Medium,True,False
BlackSpigotMC,BlackSpigotMC,IP addresses,140029,2019,Medium,True,False
BlackSpigotMC,BlackSpigotMC,Passwords,140029,2019,Medium,True,False
BlackSpigotMC,BlackSpigotMC,Usernames,140029,2019,Medium,True,False
BlankMediaGames,BlankMediaGames,Browser user agent details,7633234,2018,High,True,False
BlankMediaGames,BlankMediaGames,Email addresses,7633234,2018,High,True,False
BlankMediaGames,BlankMediaGames,IP addresses,7633234,2018,High,True,False
BlankMediaGames,BlankMediaGames,Passwords,7633234,2018,High,True,False
BlankMediaGames,BlankMediaGames,Purchases,7633234,2018,High,True,False
BlankMediaGames,BlankMediaGames,Usernames,7633234,2018,High,True,False
BlankMediaGames,BlankMediaGames,Website activity,7633234,2018,High,True,False
BleachAnime,Bleach Anime Forum,Email addresses,143711,2015,Medium,True,False
BleachAnime,Bleach Anime Forum,Passwords,143711,2015,Medium,True,False
BleachAnime,Bleach Anime Forum,Usernames,143711,2015,Medium,True,False
boAt,boAt,Email addresses,7528985,2024,High,True,False
boAt,boAt,Names,7528985,2024,High,True,False
boAt,boAt,Phone numbers,7528985,2024,High,True,False
boAt,boAt,Physical addresses,7528985,2024,High,True,False
Bolt,Bolt,Email addresses,995274,2017,Medium,True,False
Bolt,Bolt,IP addresses,995274,2017,Medium,True,False
Bolt,Bolt,Passwords,995274,2017,Medium,True,False
Bolt,Bolt,Usernames,995274,2017,Medium,True,False
BombujEu,Bombuj.eu,Email addresses,575437,2018,Medium,True,False
BombujEu,Bombuj.eu,Passwords,575437,2018,Medium,True,False
Bonobos,Bonobos,Email addresses,2811929,2020,High,True,False
Bonobos,Bonobos,Historical passwords,2811929,2020,High,True,False
Bonobos,Bonobos,IP addresses,2811929,2020,High,True,False
Bonobos,Bonobos,Names,2811929,2020,High,True,False
Bonobos,Bonobos,Partial credit card data,2811929,2020,High,True,False
Bonobos,Bonobos,Passwords,2811929,2020,High,True,False
Bonobos,Bonobos,Phone numbers,2811929,2020,High,True,False
Bonobos,Bonobos,Physical addresses,2811929,2020,High,True,False
Bonobos,Bonobos,Purchases,2811929,2020,High,True,False
Bookchor,Bookchor,Dates of birth,498297,2021,Medium,True,False
Bookchor,Bookchor,Email addresses,498297,2021,Medium,True,False
Bookchor,Bookchor,Genders,498297,2021,Medium,True,False
Bookchor,Bookchor,IP addresses,498297,2021,Medium,True,False
Bookchor,Bookchor,Names,498297,2021,Medium,True,False
Bookchor,Bookchor,Passwords,498297,2021,Medium,True,False
Bookchor,Bookchor,Phone numbers,498297,2021,Medium,True,False
Bookchor,Bookchor,Social media profiles,498297,2021,Medium,True,False
BookCrossing,BookCrossing,Dates of birth,1582323,2012,High,True,False
BookCrossing,BookCrossing,Email addresses,1582323,2012,High,True,False
BookCrossing,BookCrossing,Geographic locations,1582323,2012,High,True,False
BookCrossing,BookCrossing,IP addresses,1582323,2012,High,True,False
BookCrossing,BookCrossing,Names,1582323,2012,High,True,False
BookCrossing,BookCrossing,Passwords,1582323,2012,High,True,False
BookCrossing,BookCrossing,Usernames,1582323,2012,High,True,False
Bookmate,Bookmate,Dates of birth,3830916,2018,High,True,False
Bookmate,Bookmate,Email addresses,3830916,2018,High,True,False
Bookmate,Bookmate,Genders,3830916,2018,High,True,False
Bookmate,Bookmate,Geographic locations,3830916,2018,High,True,False
Bookmate,Bookmate,Names,3830916,2018,High,True,False
Bookmate,Bookmate,Passwords,3830916,2018,High,True,False
Bookmate,Bookmate,Usernames,3830916,2018,High,True,False
BotOfLegends,Bot of Legends,Email addresses,238373,2014,Medium,True,False
BotOfLegends,Bot of Legends,IP addresses,238373,2014,Medium,True,False
BotOfLegends,Bot of Legends,Passwords,238373,2014,Medium,True,False
BotOfLegends,Bot of Legends,Usernames,238373,2014,Medium,True,False
BotOfLegends,Bot of Legends,Website activity,238373,2014,Medium,True,False
BourseDesVols,Bourse des Vols,Dates of birth,1460130,2021,High,True,False
BourseDesVols,Bourse des Vols,Email addresses,1460130,2021,High,True,False
BourseDesVols,Bourse des Vols,Flights taken,1460130,2021,High,True,False
BourseDesVols,Bourse des Vols,IP addresses,1460130,2021,High,True,False
BourseDesVols,Bourse des Vols,Names,1460130,2021,High,True,False
BourseDesVols,Bourse des Vols,Phone numbers,1460130,2021,High,True,False
BourseDesVols,Bourse des Vols,Physical addresses,1460130,2021,High,True,False
BourseDesVols,Bourse des Vols,Purchases,1460130,2021,High,True,False
Boxee,Boxee,Dates of birth,158093,2014,Medium,True,False
Boxee,Boxee,Email addresses,158093,2014,Medium,True,False
Boxee,Boxee,Geographic locations,158093,2014,Medium,True,False
Boxee,Boxee,Historical passwords,158093,2014,Medium,True,False
Boxee,Boxee,Instant messenger identities,158093,2014,Medium,True,False
Boxee,Boxee,IP addresses,158093,2014,Medium,True,False
Boxee,Boxee,Passwords,158093,2014,Medium,True,False
Boxee,Boxee,Private messages,158093,2014,Medium,True,False
Boxee,Boxee,User website URLs,158093,2014,Medium,True,False
Boxee,Boxee,Usernames,158093,2014,Medium,True,False
BrandNewTube,Brand New Tube,Email addresses,349627,2022,Medium,True,False
BrandNewTube,Brand New Tube,Genders,349627,2022,Medium,True,False
BrandNewTube,Brand New Tube,IP addresses,349627,2022,Medium,True,False
BrandNewTube,Brand New Tube,Passwords,349627,2022,Medium,True,False
BrandNewTube,Brand New Tube,Private messages,349627,2022,Medium,True,False
BrandNewTube,Brand New Tube,Usernames,349627,2022,Medium,True,False
Brazzers,Brazzers,Email addresses,790724,2013,Medium,True,True
Brazzers,Brazzers,Passwords,790724,2013,Medium,True,True
Brazzers,Brazzers,Usernames,790724,2013,Medium,True,True
BreachForums,BreachForums,Email addresses,212156,2022,Medium,True,False
BreachForums,BreachForums,IP addresses,212156,2022,Medium,True,False
BreachForums,BreachForums,Passwords,212156,2022,Medium,True,False
BreachForums,BreachForums,Private messages,212156,2022,Medium,True,False
BreachForums,BreachForums,Usernames,212156,2022,Medium,True,False
BreachForumsClone,BreachForums Clone,Email addresses,4204,2023,Low,True,False
BreachForumsClone,BreachForums Clone,IP addresses,4204,2023,Low,True,False
BreachForumsClone,BreachForums Clone,Passwords,4204,2023,Low,True,False
BreachForumsClone,BreachForums Clone,Usernames,4204,2023,Low,True,False
BTCAlpha,BTC-Alpha,Email addresses,362426,2021,Medium,True,False
BTCAlpha,BTC-Alpha,IP addresses,362426,2021,Medium,True,False
BTCAlpha,BTC-Alpha,Passwords,362426,2021,Medium,True,False
BTCAlpha,BTC-Alpha,Usernames,362426,2021,Medium,True,False
BTCE,BTC-E,Account balances,568340,2014,Medium,True,False
BTCE,BTC-E,Email addresses,568340,2014,Medium,True,False
BTCE,BTC-E,IP addresses,568340,2014,Medium,True,False
BTCE,BTC-E,Passwords,568340,2014,Medium,True,False
BTCE,BTC-E,Usernames,568340,2014,Medium,True,False
BTCE,BTC-E,Website activity,568340,2014,Medium,True,False
BtoBet,BtoBet,Dates of birth,444241,2019,Medium,True,False
BtoBet,BtoBet,Email addresses,444241,2019,Medium,True,False
BtoBet,BtoBet,Financial transactions,444241,2019,Medium,True,False
BtoBet,BtoBet,Geographic locations,444241,2019,Medium,True,False
BtoBet,BtoBet,IP addresses,444241,2019,Medium,True,False
BtoBet,BtoBet,Names,444241,2019,Medium,True,False
BtoBet,BtoBet,Usernames,444241,2019,Medium,True,False
Bukalapak,Bukalapak,Email addresses,13369666,2017,Critical,True,False
Bukalapak,Bukalapak,IP addresses,13369666,2017,Critical,True,False
Bukalapak,Bukalapak,Names,13369666,2017,Critical,True,False
Bukalapak,Bukalapak,Passwords,13369666,2017,Critical,True,False
Bukalapak,Bukalapak,Usernames,13369666,2017,Critical,True,False
BulgarianNationalRevenueAgency,Bulgarian National Revenue Agency,Email addresses,471167,2019,Medium,True,False
BulgarianNationalRevenueAgency,Bulgarian National Revenue Agency,Names,471167,2019,Medium,True,False
BulgarianNationalRevenueAgency,Bulgarian National Revenue Agency,Phone numbers,471167,2019,Medium,True,False
BulgarianNationalRevenueAgency,Bulgarian National Revenue Agency,Physical addresses,471167,2019,Medium,True,False
BulgarianNationalRevenueAgency,Bulgarian National Revenue Agency,Taxation records,471167,2019,Medium,True,False
BusinessAcumen,Business Acumen Magazine,Email addresses,26596,2014,Low,True,False
BusinessAcumen,Business Acumen Magazine,Names,26596,2014,Low,True,False
BusinessAcumen,Business Acumen Magazine,Passwords,26596,2014,Low,True,False
BusinessAcumen,Business Acumen Magazine,Usernames,26596,2014,Low,True,False
BusinessAcumen,Business Acumen Magazine,Website activity,26596,2014,Low,True,False
CafeMom,CafeMom,Email addresses,2628148,2014,High,True,False
CafeMom,CafeMom,Passwords,2628148,2014,High,True,False
CafePress,CafePress,Email addresses,23205290,2019,Critical,True,False
CafePress,CafePress,Names,23205290,2019,Critical,True,False
CafePress,CafePress,Passwords,23205290,2019,Critical,True,False
CafePress,CafePress,Phone numbers,23205290,2019,Critical,True,False
CafePress,CafePress,Physical addresses,23205290,2019,Critical,True,False
CannabisForum,Cannabis.com,Dates of birth,227746,2014,Medium,True,False
CannabisForum,Cannabis.com,Email addresses,227746,2014,Medium,True,False
CannabisForum,Cannabis.com,Geographic locations,227746,2014,Medium,True,False
CannabisForum,Cannabis.com,Historical passwords,227746,2014,Medium,True,False
CannabisForum,Cannabis.com,Instant messenger identities,227746,2014,Medium,True,False
CannabisForum,Cannabis.com,IP addresses,227746,2014,Medium,True,False
CannabisForum,Cannabis.com,Passwords,227746,2014,Medium,True,False
CannabisForum,Cannabis.com,Private messages,227746,2014,Medium,True,False
CannabisForum,Cannabis.com,Usernames,227746,2014,Medium,True,False
CannabisForum,Cannabis.com,Website activity,227746,2014,Medium,True,False
Canva,Canva,Email addresses,137272116,2019,Critical,True,False
Canva,Canva,Geographic locations,137272116,2019,Critical,True,False
Canva,Canva,Names,137272116,2019,Critical,True,False
Canva,Canva,Passwords,137272116,2019,Critical,True,False
Canva,Canva,Usernames,137272116,2019,Critical,True,False
CapialEconomics,Capital Economics,Email addresses,263829,2020,Medium,True,False
CapialEconomics,Capital Economics,Employers,263829,2020,Medium,True,False
CapialEconomics,Capital Economics,Job titles,263829,2020,Medium,True,False
CapialEconomics,Capital Economics,Names,263829,2020,Medium,True,False
CapialEconomics,Capital Economics,Phone numbers,263829,2020,Medium,True,False
CapialEconomics,Capital Economics,Physical addresses,263829,2020,Medium,True,False
CardingMafiaDec2021,Carding Mafia (December 2021),Email addresses,303877,2021,Medium,True,True
CardingMafiaDec2021,Carding Mafia (December 2021),IP addresses,303877,2021,Medium,True,True
CardingMafiaDec2021,Carding Mafia (December 2021),Passwords,303877,2021,Medium,True,True
CardingMafiaDec2021,Carding Mafia (December 2021),Usernames,303877,2021,Medium,True,True
CardingMafia,Carding Mafia (March 2021),Email addresses,297744,2021,Medium,True,True
CardingMafia,Carding Mafia (March 2021),IP addresses,297744,2021,Medium,True,True
CardingMafia,Carding Mafia (March 2021),Passwords,297744,2021,Medium,True,True
CardingMafia,Carding Mafia (March 2021),Usernames,297744,2021,Medium,True,True
CashCrate,CashCrate,Email addresses,6844490,2016,High,True,False
CashCrate,CashCrate,Names,6844490,2016,High,True,False
CashCrate,CashCrate,Passwords,6844490,2016,High,True,False
CashCrate,CashCrate,Physical addresses,6844490,2016,High,True,False
Catho,Catho,Email addresses,1173012,2020,High,True,False
Catho,Catho,Names,1173012,2020,High,True,False
Catho,Catho,Passwords,1173012,2020,High,True,False
Catho,Catho,Usernames,1173012,2020,High,True,False
CDProjektRed,CD Projekt RED,Email addresses,1871373,2016,High,True,False
CDProjektRed,CD Projekt RED,Passwords,1871373,2016,High,True,False
CDProjektRed,CD Projekt RED,Usernames,1871373,2016,High,True,False
CDEK,CDEK,Email addresses,19218203,2022,Critical,False,False
CDEK,CDEK,Names,19218203,2022,Critical,False,False
CDEK,CDEK,Phone numbers,19218203,2022,Critical,False,False
Chatbooks,Chatbooks,Email addresses,2520441,2020,High,True,False
Chatbooks,Chatbooks,Names,2520441,2020,High,True,False
Chatbooks,Chatbooks,Passwords,2520441,2020,High,True,False
Chatbooks,Chatbooks,Phone numbers,2520441,2020,High,True,False
Chatbooks,Chatbooks,Social media profiles,2520441,2020,High,True,False
CheapAssGamer,CheapAssGamer.com,Email addresses,444767,2015,Medium,True,False
CheapAssGamer,CheapAssGamer.com,IP addresses,444767,2015,Medium,True,False
CheapAssGamer,CheapAssGamer.com,Passwords,444767,2015,Medium,True,False
CheapAssGamer,CheapAssGamer.com,Usernames,444767,2015,Medium,True,False
Chegg,Chegg,Email addresses,39721127,2018,Critical,True,False
Chegg,Chegg,Names,39721127,2018,Critical,True,False
Chegg,Chegg,Passwords,39721127,2018,Critical,True,False
Chegg,Chegg,Phone numbers,39721127,2018,Critical,True,False
Chegg,Chegg,Physical addresses,39721127,2018,Critical,True,False
Chegg,Chegg,Usernames,39721127,2018,Critical,True,False
Chess,Chess,Email addresses,827620,2023,Medium,True,False
Chess,Chess,Geographic locations,827620,2023,Medium,True,False
Chess,Chess,Names,827620,2023,Medium,True,False
Chess,Chess,Usernames,827620,2023,Medium,True,False
Chowbus,Chowbus,Email addresses,444224,2020,Medium,True,False
Chowbus,Chowbus,Names,444224,2020,Medium,True,False
Chowbus,Chowbus,Phone numbers,444224,2020,Medium,True,False
Chowbus,Chowbus,Physical addresses,444224,2020,Medium,True,False
Cit0day,Cit0day,Email addresses,226883414,2020,Critical,False,False
Cit0day,Cit0day,Passwords,226883414,2020,Critical,False,False
CityBee,CityBee,Email addresses,110156,2021,Medium,True,False
CityBee,CityBee,Government issued IDs,110156,2021,Medium,True,False
CityBee,CityBee,Names,110156,2021,Medium,True,False
CityBee,CityBee,Passwords,110156,2021,Medium,True,False
CityJerks,CityJerks,Bios,177554,2023,Medium,True,True
CityJerks,CityJerks,Dates of birth,177554,2023,Medium,True,True
CityJerks,CityJerks,Email addresses,177554,2023,Medium,True,True
CityJerks,CityJerks,Geographic locations,177554,2023,Medium,True,True
CityJerks,CityJerks,IP addresses,177554,2023,Medium,True,True
CityJerks,CityJerks,Passwords,177554,2023,Medium,True,True
CityJerks,CityJerks,Private messages,177554,2023,Medium,True,True
CityJerks,CityJerks,Profile photos,177554,2023,Medium,True,True
CityJerks,CityJerks,Sexual orientations,177554,2023,Medium,True,True
CityJerks,CityJerks,Usernames,177554,2023,Medium,True,True
CivilOnline,Civil Online,Email addresses,7830195,2011,High,False,False
CivilOnline,Civil Online,IP addresses,7830195,2011,High,False,False
CivilOnline,Civil Online,Passwords,7830195,2011,High,False,False
CivilOnline,Civil Online,Usernames,7830195,2011,High,False,False
CivilOnline,Civil Online,Website activity,7830195,2011,High,False,False
ClashOfKings,Clash of Kings,Email addresses,1604957,2016,High,True,False
ClashOfKings,Clash of Kings,IP addresses,1604957,2016,High,True,False
ClashOfKings,Clash of Kings,Passwords,1604957,2016,High,True,False
ClashOfKings,Clash of Kings,Usernames,1604957,2016,High,True,False
ClearVoiceSurveys,ClearVoice Surveys,Dates of birth,15074786,2015,Critical,True,False
ClearVoiceSurveys,ClearVoice Surveys,Email addresses,15074786,2015,Critical,True,False
ClearVoiceSurveys,ClearVoice Surveys,Genders,15074786,2015,Critical,True,False
ClearVoiceSurveys,ClearVoice Surveys,IP addresses,15074786,2015,Critical,True,False
ClearVoiceSurveys,ClearVoice Surveys,Names,15074786,2015,Critical,True,False
ClearVoiceSurveys,ClearVoice Surveys,Passwords,15074786,2015,Critical,True,False
ClearVoiceSurveys,ClearVoice Surveys,Phone numbers,15074786,2015,Critical,True,False
ClearVoiceSurveys,ClearVoice Surveys,Physical addresses,15074786,2015,Critical,True,False
ClickASnap,ClickASnap,Email addresses,3262980,2022,High,True,False
ClickASnap,ClickASnap,Names,3262980,2022,High,True,False
ClickASnap,ClickASnap,Passwords,3262980,2022,High,True,False
ClickASnap,ClickASnap,Physical addresses,3262980,2022,High,True,False
ClickASnap,ClickASnap,Purchases,3262980,2022,High,True,False
ClickASnap,ClickASnap,Social media profiles,3262980,2022,High,True,False
ClickASnap,ClickASnap,Usernames,3262980,2022,High,True,False
ClixSense,ClixSense,Account balances,2424784,2016,High,True,False
ClixSense,ClixSense,Dates of birth,2424784,2016,High,True,False
ClixSense,ClixSense,Email addresses,2424784,2016,High,True,False
ClixSense,ClixSense,Genders,2424784,2016,High,True,False
ClixSense,ClixSense,IP addresses,2424784,2016,High,True,False
ClixSense,ClixSense,Names,2424784,2016,High,True,False
ClixSense,ClixSense,Passwords,2424784,2016,High,True,False
ClixSense,ClixSense,Payment histories,2424784,2016,High,True,False
ClixSense,ClixSense,Payment methods,2424784,2016,High,True,False
ClixSense,ClixSense,Physical addresses,2424784,2016,High,True,False
ClixSense,ClixSense,Usernames,2424784,2016,High,True,False
ClixSense,ClixSense,Website activity,2424784,2016,High,True,False
CloudPets,CloudPets,Email addresses,583503,2017,Medium,True,False
CloudPets,CloudPets,Family members' names,583503,2017,Medium,True,False
CloudPets,CloudPets,Passwords,583503,2017,Medium,True,False
ClubPenguinRewritten,Club Penguin Rewritten (January 2018),Email addresses,1688176,2018,High,True,False
ClubPenguinRewritten,Club Penguin Rewritten (January 2018),IP addresses,1688176,2018,High,True,False
ClubPenguinRewritten,Club Penguin Rewritten (January 2018),Passwords,1688176,2018,High,True,False
ClubPenguinRewritten,Club Penguin Rewritten (January 2018),Usernames,1688176,2018,High,True,False
ClubPenguinRewrittenJul2019,Club Penguin Rewritten (July 2019),Email addresses,4007909,2019,High,True,False
ClubPenguinRewrittenJul2019,Club Penguin Rewritten (July 2019),IP addresses,4007909,2019,High,True,False
ClubPenguinRewrittenJul2019,Club Penguin Rewritten (July 2019),Passwords,4007909,2019,High,True,False
ClubPenguinRewrittenJul2019,Club Penguin Rewritten (July 2019),Usernames,4007909,2019,High,True,False
Coachella,Coachella,Email addresses,599802,2017,Medium,True,False
Coachella,Coachella,IP addresses,599802,2017,Medium,True,False
Coachella,Coachella,Passwords,599802,2017,Medium,True,False
Coachella,Coachella,Usernames,599802,2017,Medium,True,False
Coinmama,Coinmama,Email addresses,478824,2017,Medium,True,False
Coinmama,Coinmama,Passwords,478824,2017,Medium,True,False
Coinmama,Coinmama,Usernames,478824,2017,Medium,True,False
CoinMarketCap,CoinMarketCap,Email addresses,3117548,2021,High,True,False
CoinTracker,CoinTracker,Email addresses,1557153,2022,High,True,False
CoinTracker,CoinTracker,Partial phone numbers,1557153,2022,High,True,False
Collection1,Collection #1,Email addresses,772904991,2019,Critical,False,False
Collection1,Collection #1,Passwords,772904991,2019,Critical,False,False
Comcast,Comcast,Email addresses,616882,2015,Medium,True,False
Comcast,Comcast,Passwords,616882,2015,Medium,True,False
Comcast,Comcast,Physical addresses,616882,2015,Medium,True,False
COMELEC,COMELEC (Philippines Voters),Biometric data,228605,2016,Medium,True,False
COMELEC,COMELEC (Philippines Voters),Dates of birth,228605,2016,Medium,True,False
COMELEC,COMELEC (Philippines Voters),Email addresses,228605,2016,Medium,True,False
COMELEC,COMELEC (Philippines Voters),Family members' names,228605,2016,Medium,True,False
COMELEC,COMELEC (Philippines Voters),Genders,228605,2016,Medium,True,False
COMELEC,COMELEC (Philippines Voters),Job titles,228605,2016,Medium,True,False
COMELEC,COMELEC (Philippines Voters),Marital statuses,228605,2016,Medium,True,False
COMELEC,COMELEC (Philippines Voters),Names,228605,2016,Medium,True,False
COMELEC,COMELEC (Philippines Voters),Passport numbers,228605,2016,Medium,True,False
COMELEC,COMELEC (Philippines Voters),Phone numbers,228605,2016,Medium,True,False
COMELEC,COMELEC (Philippines Voters),Physical addresses,228605,2016,Medium,True,False
COMELEC,COMELEC (Philippines Voters),Physical attributes,228605,2016,Medium,True,False
Convex,Convex,Email addresses,150129,2023,Medium,True,False
Convex,Convex,IP addresses,150129,2023,Medium,True,False
Convex,Convex,Names,150129,2023,Medium,True,False
Convex,Convex,Phone numbers,150129,2023,Medium,True,False
CouponMomAndArmorGames,Coupon Mom / Armor Games,Email addresses,11010525,2014,Critical,False,False
CouponMomAndArmorGames,Coupon Mom / Armor Games,Passwords,11010525,2014,Critical,False,False
db8151dd,Covve,Email addresses,22802117,2020,Critical,True,False
db8151dd,Covve,Job titles,22802117,2020,Critical,True,False
db8151dd,Covve,Names,22802117,2020,Critical,True,False
db8151dd,Covve,Phone numbers,22802117,2020,Critical,True,False
db8151dd,Covve,Physical addresses,22802117,2020,Critical,True,False
db8151dd,Covve,Social media profiles,22802117,2020,Critical,True,False
CrackCommunity,Crack Community,Email addresses,19210,2013,Low,True,False
CrackCommunity,Crack Community,IP addresses,19210,2013,Low,True,False
CrackCommunity,Crack Community,Passwords,19210,2013,Low,True,False
CrackCommunity,Crack Community,Usernames,19210,2013,Low,True,False
CrackCommunity,Crack Community,Website activity,19210,2013,Low,True,False
CrackedTO,Cracked.to,Email addresses,749161,2019,Medium,True,False
CrackedTO,Cracked.to,IP addresses,749161,2019,Medium,True,False
CrackedTO,Cracked.to,Passwords,749161,2019,Medium,True,False
CrackedTO,Cracked.to,Private messages,749161,2019,Medium,True,False
CrackedTO,Cracked.to,Usernames,749161,2019,Medium,True,False
CrackingForum,CrackingForum,Email addresses,660305,2016,Medium,True,False
CrackingForum,CrackingForum,IP addresses,660305,2016,Medium,True,False
CrackingForum,CrackingForum,Passwords,660305,2016,Medium,True,False
CrackingForum,CrackingForum,Usernames,660305,2016,Medium,True,False
CraftRise,CraftRise,Email addresses,2532527,2022,High,True,False
CraftRise,CraftRise,Geographic locations,2532527,2022,High,True,False
CraftRise,CraftRise,Passwords,2532527,2022,High,True,False
CraftRise,CraftRise,Usernames,2532527,2022,High,True,False
Creative,Creative,Email addresses,483015,2018,Medium,True,False
Creative,Creative,IP addresses,483015,2018,Medium,True,False
Creative,Creative,Passwords,483015,2018,Medium,True,False
Creative,Creative,Usernames,483015,2018,Medium,True,False
CrimeAgencyVBulletin,CrimeAgency vBulletin Hacks,Email addresses,942044,2017,Medium,True,True
CrimeAgencyVBulletin,CrimeAgency vBulletin Hacks,Passwords,942044,2017,Medium,True,True
CrimeAgencyVBulletin,CrimeAgency vBulletin Hacks,Usernames,942044,2017,Medium,True,True
CrossFire,Cross Fire,Email addresses,12865609,2016,Critical,True,False
CrossFire,Cross Fire,Passwords,12865609,2016,Critical,True,False
CrossFire,Cross Fire,Usernames,12865609,2016,Critical,True,False
CTARS,CTARS,Dates of birth,12314,2021,Low,True,True
CTARS,CTARS,Email addresses,12314,2021,Low,True,True
CTARS,CTARS,Genders,12314,2021,Low,True,True
CTARS,CTARS,Names,12314,2021,Low,True,True
CTARS,CTARS,Passwords,12314,2021,Low,True,True
CTARS,CTARS,Personal health data,12314,2021,Low,True,True
CTARS,CTARS,Phone numbers,12314,2021,Low,True,True
CTARS,CTARS,Physical addresses,12314,2021,Low,True,True
CTARS,CTARS,Salutations,12314,2021,Low,True,True
CTARS,CTARS,Usernames,12314,2021,Low,True,True
CutoutPro,Cutout.Pro,Email addresses,19972829,2024,Critical,True,False
CutoutPro,Cutout.Pro,IP addresses,19972829,2024,Critical,True,False
CutoutPro,Cutout.Pro,Names,19972829,2024,Critical,True,False
CutoutPro,Cutout.Pro,Passwords,19972829,2024,Critical,True,False
CyberServe,CyberServe,Dates of birth,1107034,2021,High,True,True
CyberServe,CyberServe,Drinking habits,1107034,2021,High,True,True
CyberServe,CyberServe,Email addresses,1107034,2021,High,True,True
CyberServe,CyberServe,Family structure,1107034,2021,High,True,True
CyberServe,CyberServe,Genders,1107034,2021,High,True,True
CyberServe,CyberServe,Geographic locations,1107034,2021,High,True,True
CyberServe,CyberServe,HIV statuses,1107034,2021,High,True,True
CyberServe,CyberServe,IP addresses,1107034,2021,High,True,True
CyberServe,CyberServe,Names,1107034,2021,High,True,True
CyberServe,CyberServe,Passwords,1107034,2021,High,True,True
CyberServe,CyberServe,Personal health data,1107034,2021,High,True,True
CyberServe,CyberServe,Phone numbers,1107034,2021,High,True,True
CyberServe,CyberServe,Physical attributes,1107034,2021,High,True,True
CyberServe,CyberServe,Private messages,1107034,2021,High,True,True
CyberServe,CyberServe,Profile photos,1107034,2021,High,True,True
CyberServe,CyberServe,Religions,1107034,2021,High,True,True
CyberServe,CyberServe,Sexual orientations,1107034,2021,High,True,True
CyberServe,CyberServe,Smoking habits,1107034,2021,High,True,True
CyberServe,CyberServe,Usernames,1107034,2021,High,True,True
D3scene,D3Scene,Email addresses,568827,2016,Medium,True,False
D3scene,D3Scene,IP addresses,568827,2016,Medium,True,False
D3scene,D3Scene,Passwords,568827,2016,Medium,True,False
D3scene,D3Scene,Usernames,568827,2016,Medium,True,False
DaFont,DaFont,Email addresses,637340,2017,Medium,True,False
DaFont,DaFont,Passwords,637340,2017,Medium,True,False
DaFont,DaFont,Usernames,637340,2017,Medium,True,False
DailyQuiz,Daily Quiz,Email addresses,8032404,2021,High,True,False
DailyQuiz,Daily Quiz,IP addresses,8032404,2021,High,True,False
DailyQuiz,Daily Quiz,Passwords,8032404,2021,High,True,False
DailyQuiz,Daily Quiz,Usernames,8032404,2021,High,True,False
Dailymotion,Dailymotion,Email addresses,85176234,2016,Critical,True,False
Dailymotion,Dailymotion,Passwords,85176234,2016,Critical,True,False
Dailymotion,Dailymotion,Usernames,85176234,2016,Critical,True,False
DailyObjects,DailyObjects,Email addresses,464260,2018,Medium,True,False
DailyObjects,DailyObjects,Names,464260,2018,Medium,True,False
DailyObjects,DailyObjects,Passwords,464260,2018,Medium,True,False
DailyObjects,DailyObjects,Phone numbers,464260,2018,Medium,True,False
DailyObjects,DailyObjects,Physical addresses,464260,2018,Medium,True,False
Dangdang,Dangdang,Email addresses,4848734,2011,High,True,False
DaniWeb,DaniWeb,Email addresses,1131636,2015,High,True,False
DaniWeb,DaniWeb,IP addresses,1131636,2015,High,True,False
DaniWeb,DaniWeb,Passwords,1131636,2015,High,True,False
DataAndLeads,Data & Leads,Email addresses,44320330,2018,Critical,True,False
DataAndLeads,Data & Leads,Employers,44320330,2018,Critical,True,False
DataAndLeads,Data & Leads,IP addresses,44320330,2018,Critical,True,False
DataAndLeads,Data & Leads,Job titles,44320330,2018,Critical,True,False
DataAndLeads,Data & Leads,Names,44320330,2018,Critical,True,False
DataAndLeads,Data & Leads,Phone numbers,44320330,2018,Critical,True,False
DataAndLeads,Data & Leads,Physical addresses,44320330,2018,Critical,True,False
PDL,Data Enrichment Exposure From PDL Customer,Email addresses,622161052,2019,Critical,True,False
PDL,Data Enrichment Exposure From PDL Customer,Employers,622161052,2019,Critical,True,False
PDL,Data Enrichment Exposure From PDL Customer,Geographic locations,622161052,2019,Critical,True,False
PDL,Data Enrichment Exposure From PDL Customer,Job titles,622161052,2019,Critical,True,False
PDL,Data Enrichment Exposure From PDL Customer,Names,622161052,2019,Critical,True,False
PDL,Data Enrichment Exposure From PDL Customer,Phone numbers,622161052,2019,Critical,True,False
PDL,Data Enrichment Exposure From PDL Customer,Social media profiles,622161052,2019,Critical,True,False
DataEnrichment,Data Enrichment Records,Buying preferences,8176132,2016,High,False,False
DataEnrichment,Data Enrichment Records,Charitable donations,8176132,2016,High,False,False
DataEnrichment,Data Enrichment Records,Credit status information,8176132,2016,High,False,False
DataEnrichment,Data Enrichment Records,Dates of birth,8176132,2016,High,False,False
DataEnrichment,Data Enrichment Records,Email addresses,8176132,2016,High,False,False
DataEnrichment,Data Enrichment Records,Family structure,8176132,2016,High,False,False
DataEnrichment,Data Enrichment Records,Financial investments,8176132,2016,High,False,False
DataEnrichment,Data Enrichment Records,Home ownership statuses,8176132,2016,High,False,False
DataEnrichment,Data Enrichment Records,Income levels,8176132,2016,High,False,False
DataEnrichment,Data Enrichment Records,Job titles,8176132,2016,High,False,False
DataEnrichment,Data Enrichment Records,Marital statuses,8176132,2016,High,False,False
DataEnrichment,Data Enrichment Records,Names,8176132,2016,High,False,False
DataEnrichment,Data Enrichment Records,Net worths,8176132,2016,High,False,False
DataEnrichment,Data Enrichment Records,Phone numbers,8176132,2016,High,False,False
DataEnrichment,Data Enrichment Records,Physical addresses,8176132,2016,High,False,False
DataEnrichment,Data Enrichment Records,Political donations,8176132,2016,High,False,False
DataCamp,DataCamp,Email addresses,760561,2017,Medium,True,False
DataCamp,DataCamp,Geographic locations,760561,2017,Medium,True,False
DataCamp,DataCamp,IP addresses,760561,2017,Medium,True,False
DataCamp,DataCamp,Names,760561,2017,Medium,True,False
DataCamp,DataCamp,Passwords,760561,2017,Medium,True,False
DatPiff,DatPiff,Email addresses,7476940,2021,High,True,False
DatPiff,DatPiff,Passwords,7476940,2021,High,True,False
DatPiff,DatPiff,Security questions and answers,7476940,2021,High,True,False
DatPiff,DatPiff,Usernames,7476940,2021,High,True,False
Dave,Dave,Dates of birth,2964182,2020,High,True,False
Dave,Dave,Email addresses,2964182,2020,High,True,False
Dave,Dave,Names,2964182,2020,High,True,False
Dave,Dave,Passwords,2964182,2020,High,True,False
Dave,Dave,Phone numbers,2964182,2020,High,True,False
Dave,Dave,Physical addresses,2964182,2020,High,True,False
Dave,Dave,Social security numbers,2964182,2020,High,True,False
dBforums,dBforums,Dates of birth,363468,2016,Medium,True,False
dBforums,dBforums,Email addresses,363468,2016,Medium,True,False
dBforums,dBforums,IP addresses,363468,2016,Medium,True,False
dBforums,dBforums,Passwords,363468,2016,Medium,True,False
dBforums,dBforums,Usernames,363468,2016,Medium,True,False
DCHealth,DC Health Link,Citizenship statuses,48145,2023,Low,True,True
DCHealth,DC Health Link,Dates of birth,48145,2023,Low,True,True
DCHealth,DC Health Link,Email addresses,48145,2023,Low,True,True
DCHealth,DC Health Link,Employers,48145,2023,Low,True,True
DCHealth,DC Health Link,Ethnicities,48145,2023,Low,True,True
DCHealth,DC Health Link,Genders,48145,2023,Low,True,True
DCHealth,DC Health Link,Names,48145,2023,Low,True,True
DCHealth,DC Health Link,Phone numbers,48145,2023,Low,True,True
DCHealth,DC Health Link,Physical addresses,48145,2023,Low,True,True
DCHealth,DC Health Link,Purchases,48145,2023,Low,True,True
DCHealth,DC Health Link,Social security numbers,48145,2023,Low,True,True
Deezer,Deezer,Dates of birth,229037936,2019,Critical,True,False
Deezer,Deezer,Email addresses,229037936,2019,Critical,True,False
Deezer,Deezer,Genders,229037936,2019,Critical,True,False
Deezer,Deezer,Geographic locations,229037936,2019,Critical,True,False
Deezer,Deezer,IP addresses,229037936,2019,Critical,True,False
Deezer,Deezer,Names,229037936,2019,Critical,True,False
Deezer,Deezer,Spoken languages,229037936,2019,Critical,True,False
Deezer,Deezer,Usernames,229037936,2019,Critical,True,False
DemonForums,Demon Forums,Email addresses,52623,2019,Low,True,False
DemonForums,Demon Forums,Passwords,52623,2019,Low,True,False
DemonForums,Demon Forums,Usernames,52623,2019,Low,True,False
Descomplica,Descomplica,Email addresses,4845378,2021,High,True,False
Descomplica,Descomplica,Names,4845378,2021,High,True,False
Descomplica,Descomplica,Partial credit card data,4845378,2021,High,True,False
Descomplica,Descomplica,Passwords,4845378,2021,High,True,False
Descomplica,Descomplica,Purchases,4845378,2021,High,True,False
DevilTorrents,Devil-Torrents.pl,Email addresses,63451,2021,Low,True,False
DevilTorrents,Devil-Torrents.pl,Passwords,63451,2021,Low,True,False
devkitPro,devkitPro,Email addresses,1508,2019,Low,True,False
devkitPro,devkitPro,Passwords,1508,2019,Low,True,False
devkitPro,devkitPro,Private messages,1508,2019,Low,True,False
DietCom,diet.com,Dates of birth,1383759,2014,High,True,False
DietCom,diet.com,Eating habits,1383759,2014,High,True,False
DietCom,diet.com,Email addresses,1383759,2014,High,True,False
DietCom,diet.com,IP addresses,1383759,2014,High,True,False
DietCom,diet.com,Names,1383759,2014,High,True,False
DietCom,diet.com,Passwords,1383759,2014,High,True,False
DietCom,diet.com,Physical attributes,1383759,2014,High,True,False
DietCom,diet.com,Usernames,1383759,2014,High,True,False
Digimon,Digimon,Email addresses,7687679,2016,High,True,False
Digimon,Digimon,Email messages,7687679,2016,High,True,False
Digimon,Digimon,IP addresses,7687679,2016,High,True,False
Digimon,Digimon,Names,7687679,2016,High,True,False
Disqus,Disqus,Email addresses,17551044,2012,Critical,True,False
Disqus,Disqus,Passwords,17551044,2012,Critical,True,False
Disqus,Disqus,Usernames,17551044,2012,Critical,True,False
DivXSubTitles,DivX SubTitles,Email addresses,783058,2010,Medium,True,False
DivXSubTitles,DivX SubTitles,Passwords,783058,2010,Medium,True,False
DivXSubTitles,DivX SubTitles,Usernames,783058,2010,Medium,True,False
DLH,DLH.net,Dates of birth,3264710,2016,High,True,False
DLH,DLH.net,Email addresses,3264710,2016,High,True,False
DLH,DLH.net,Names,3264710,2016,High,True,False
DLH,DLH.net,Passwords,3264710,2016,High,True,False
DLH,DLH.net,Usernames,3264710,2016,High,True,False
DLH,DLH.net,Website activity,3264710,2016,High,True,False
Dodonew,Dodonew.com,Email addresses,8718404,2011,High,False,False
Dodonew,Dodonew.com,Usernames,8718404,2011,High,False,False
Dominos,Domino's,Email addresses,648231,2014,Medium,True,False
Dominos,Domino's,Names,648231,2014,Medium,True,False
Dominos,Domino's,Passwords,648231,2014,Medium,True,False
Dominos,Domino's,Phone numbers,648231,2014,Medium,True,False
Dominos,Domino's,Physical addresses,648231,2014,Medium,True,False
DominosIndia,Domino's India,Email addresses,22527655,2021,Critical,True,False
DominosIndia,Domino's India,Names,22527655,2021,Critical,True,False
DominosIndia,Domino's India,Phone numbers,22527655,2021,Critical,True,False
DominosIndia,Domino's India,Physical addresses,22527655,2021,Critical,True,False
DominosIndia,Domino's India,Purchases,22527655,2021,Critical,True,False
Doomworld,Doomworld,Email addresses,34478,2022,Low,True,False
Doomworld,Doomworld,IP addresses,34478,2022,Low,True,False
Doomworld,Doomworld,Passwords,34478,2022,Low,True,False
Doomworld,Doomworld,Usernames,34478,2022,Low,True,False
DoorDash,DoorDash,Email addresses,367476,2022,Medium,True,False
DoorDash,DoorDash,Geographic locations,367476,2022,Medium,True,False
DoorDash,DoorDash,Names,367476,2022,Medium,True,False
DoorDash,DoorDash,Partial credit card data,367476,2022,Medium,True,False
Dota2,Dota2,Email addresses,1907205,2016,High,True,False
Dota2,Dota2,IP addresses,1907205,2016,High,True,False
Dota2,Dota2,Passwords,1907205,2016,High,True,False
Dota2,Dota2,Usernames,1907205,2016,High,True,False
Doxbin,Doxbin,Browser user agent details,370794,2022,Medium,True,True
Doxbin,Doxbin,Email addresses,370794,2022,Medium,True,True
Doxbin,Doxbin,Passwords,370794,2022,Medium,True,True
Doxbin,Doxbin,Usernames,370794,2022,Medium,True,True
DriveSure,DriveSure,Email addresses,3675099,2020,High,True,False
DriveSure,DriveSure,Names,3675099,2020,High,True,False
DriveSure,DriveSure,Passwords,3675099,2020,High,True,False
DriveSure,DriveSure,Phone numbers,3675099,2020,High,True,False
DriveSure,DriveSure,Physical addresses,3675099,2020,High,True,False
DriveSure,DriveSure,Vehicle details,3675099,2020,High,True,False
Drizly,Drizly,Dates of birth,2479044,2020,High,True,False
Drizly,Drizly,Device information,2479044,2020,High,True,False
Drizly,Drizly,Email addresses,2479044,2020,High,True,False
Drizly,Drizly,IP addresses,2479044,2020,High,True,False
Drizly,Drizly,Names,2479044,2020,High,True,False
Drizly,Drizly,Passwords,2479044,2020,High,True,False
Drizly,Drizly,Phone numbers,2479044,2020,High,True,False
Drizly,Drizly,Physical addresses,2479044,2020,High,True,False
Dropbox,Dropbox,Email addresses,68648009,2012,Critical,True,False
Dropbox,Dropbox,Passwords,68648009,2012,Critical,True,False
Dubsmash,Dubsmash,Email addresses,161749950,2018,Critical,True,False
Dubsmash,Dubsmash,Geographic locations,161749950,2018,Critical,True,False
Dubsmash,Dubsmash,Names,161749950,2018,Critical,True,False
Dubsmash,Dubsmash,Passwords,161749950,2018,Critical,True,False
Dubsmash,Dubsmash,Phone numbers,161749950,2018,Critical,True,False
Dubsmash,Dubsmash,Spoken languages,161749950,2018,Critical,True,False
Dubsmash,Dubsmash,Usernames,161749950,2018,Critical,True,False
DucksUnlimited,Ducks Unlimited,Dates of birth,1324364,2021,High,True,False
DucksUnlimited,Ducks Unlimited,Email addresses,1324364,2021,High,True,False
DucksUnlimited,Ducks Unlimited,Names,1324364,2021,High,True,False
DucksUnlimited,Ducks Unlimited,Passwords,1324364,2021,High,True,False
DucksUnlimited,Ducks Unlimited,Phone numbers,1324364,2021,High,True,False
DucksUnlimited,Ducks Unlimited,Physical addresses,1324364,2021,High,True,False
DuelingNetwork,Dueling Network,Email addresses,6486626,2017,High,True,False
DuelingNetwork,Dueling Network,IP addresses,6486626,2017,High,True,False
DuelingNetwork,Dueling Network,Passwords,6486626,2017,High,True,False
DuelingNetwork,Dueling Network,Usernames,6486626,2017,High,True,False
DDO,Dungeons & Dragons Online,Dates of birth,1580933,2013,High,True,False
DDO,Dungeons & Dragons Online,Email addresses,1580933,2013,High,True,False
DDO,Dungeons & Dragons Online,IP addresses,1580933,2013,High,True,False
DDO,Dungeons & Dragons Online,Passwords,1580933,2013,High,True,False
DDO,Dungeons & Dragons Online,Usernames,1580933,2013,High,True,False
DDO,Dungeons & Dragons Online,Website activity,1580933,2013,High,True,False
Dunzo,Dunzo,Device information,3465259,2020,High,True,False
Dunzo,Dunzo,Email addresses,3465259,2020,High,True,False
Dunzo,Dunzo,Geographic locations,3465259,2020,High,True,False
Dunzo,Dunzo,IP addresses,3465259,2020,High,True,False
Dunzo,Dunzo,Names,3465259,2020,High,True,False
Dunzo,Dunzo,Phone numbers,3465259,2020,High,True,False
Duolingo,Duolingo,Email addresses,2676696,2023,High,True,False
Duolingo,Duolingo,Names,2676696,2023,High,True,False
Duolingo,Duolingo,Spoken languages,2676696,2023,High,True,False
Duolingo,Duolingo,Usernames,2676696,2023,High,True,False
Duowan,Duowan.com,Email addresses,2639894,2011,High,False,False
Duowan,Duowan.com,Passwords,2639894,2011,High,False,False
Duowan,Duowan.com,Usernames,2639894,2011,High,False,False
DVDShopCH,dvd-shop.ch,Email addresses,67973,2017,Low,True,False
DVDShopCH,dvd-shop.ch,Passwords,67973,2017,Low,True,False
Dymocks,Dymocks,Dates of birth,836120,2023,Medium,True,False
Dymocks,Dymocks,Email addresses,836120,2023,Medium,True,False
Dymocks,Dymocks,Genders,836120,2023,Medium,True,False
Dymocks,Dymocks,Names,836120,2023,Medium,True,False
Dymocks,Dymocks,Phone numbers,836120,2023,Medium,True,False
Dymocks,Dymocks,Physical addresses,836120,2023,Medium,True,False
Eatigo,Eatigo,Email addresses,2789609,2018,High,True,False
Eatigo,Eatigo,Genders,2789609,2018,High,True,False
Eatigo,Eatigo,Names,2789609,2018,High,True,False
Eatigo,Eatigo,Passwords,2789609,2018,High,True,False
Eatigo,Eatigo,Phone numbers,2789609,2018,High,True,False
Eatigo,Eatigo,Social media profiles,2789609,2018,High,True,False
EatStreet,EatStreet,Dates of birth,6353564,2019,High,True,False
EatStreet,EatStreet,Email addresses,6353564,2019,High,True,False
EatStreet,EatStreet,Genders,6353564,2019,High,True,False
EatStreet,EatStreet,Names,6353564,2019,High,True,False
EatStreet,EatStreet,Partial credit card data,6353564,2019,High,True,False
EatStreet,EatStreet,Passwords,6353564,2019,High,True,False
EatStreet,EatStreet,Phone numbers,6353564,2019,High,True,False
EatStreet,EatStreet,Physical addresses,6353564,2019,High,True,False
EatStreet,EatStreet,Social media profiles,6353564,2019,High,True,False
ECCIE,ECCIE,Dates of birth,536923,2021,Medium,True,True
ECCIE,ECCIE,Email addresses,536923,2021,Medium,True,True
ECCIE,ECCIE,IP addresses,536923,2021,Medium,True,True
ECCIE,ECCIE,Passwords,536923,2021,Medium,True,True
ECCIE,ECCIE,Usernames,536923,2021,Medium,True,True
Edmodo,Edmodo,Email addresses,43423561,2017,Critical,True,False
Edmodo,Edmodo,Passwords,43423561,2017,Critical,True,False
Edmodo,Edmodo,Usernames,43423561,2017,Critical,True,False
Elance,Elance,Email addresses,1291178,2009,High,True,False
Elance,Elance,Employers,1291178,2009,High,True,False
Elance,Elance,Geographic locations,1291178,2009,High,True,False
Elance,Elance,Passwords,1291178,2009,High,True,False
Elance,Elance,Phone numbers,1291178,2009,High,True,False
Elance,Elance,Usernames,1291178,2009,High,True,False
Elanic,Elanic,Email addresses,2325283,2018,High,True,False
Elanic,Elanic,Geographic locations,2325283,2018,High,True,False
Elanic,Elanic,Usernames,2325283,2018,High,True,False
ElasticsearchSalesLeads,Elasticsearch Instance of Sales Leads on AWS,Email addresses,5788169,2018,High,True,False
ElasticsearchSalesLeads,Elasticsearch Instance of Sales Leads on AWS,Employers,5788169,2018,High,True,False
ElasticsearchSalesLeads,Elasticsearch Instance of Sales Leads on AWS,Names,5788169,2018,High,True,False
ElasticsearchSalesLeads,Elasticsearch Instance of Sales Leads on AWS,Physical addresses,5788169,2018,High,True,False
Emotet,Emotet,Email addresses,4324770,2021,High,True,True
Emotet,Emotet,Passwords,4324770,2021,High,True,True
Emuparadise,Emuparadise,Email addresses,1131229,2018,High,True,False
Emuparadise,Emuparadise,IP addresses,1131229,2018,High,True,False
Emuparadise,Emuparadise,Passwords,1131229,2018,High,True,False
Emuparadise,Emuparadise,Usernames,1131229,2018,High,True,False
ECB,England Cricket,Email addresses,43299,2024,Low,True,False
ECB,England Cricket,Passwords,43299,2024,Low,True,False
EPal,E-Pal,Email addresses,108887,2022,Medium,True,False
EPal,E-Pal,Purchases,108887,2022,Medium,True,False
EPal,E-Pal,Usernames,108887,2022,Medium,True,False
EpicGames,Epic Games,Email addresses,251661,2016,Medium,True,False
EpicGames,Epic Games,Passwords,251661,2016,Medium,True,False
EpicGames,Epic Games,Usernames,251661,2016,Medium,True,False
EpicBot,EpicBot,Email addresses,816662,2019,Medium,True,False
EpicBot,EpicBot,IP addresses,816662,2019,Medium,True,False
EpicBot,EpicBot,Passwords,816662,2019,Medium,True,False
EpicBot,EpicBot,Usernames,816662,2019,Medium,True,False
EpicNPC,EpicNPC,Email addresses,408795,2016,Medium,True,False
EpicNPC,EpicNPC,IP addresses,408795,2016,Medium,True,False
EpicNPC,EpicNPC,Passwords,408795,2016,Medium,True,False
EpicNPC,EpicNPC,Usernames,408795,2016,Medium,True,False
Epik,Epik,Email addresses,15003961,2021,Critical,True,False
Epik,Epik,Names,15003961,2021,Critical,True,False
Epik,Epik,Phone numbers,15003961,2021,Critical,True,False
Epik,Epik,Physical addresses,15003961,2021,Critical,True,False
Epik,Epik,Purchases,15003961,2021,Critical,True,False
Eroticy,Eroticy,Email addresses,1370175,2015,High,False,True
Eroticy,Eroticy,IP addresses,1370175,2015,High,False,True
Eroticy,Eroticy,Names,1370175,2015,High,False,True
Eroticy,Eroticy,Passwords,1370175,2015,High,False,True
Eroticy,Eroticy,Payment histories,1370175,2015,High,False,True
Eroticy,Eroticy,Phone numbers,1370175,2015,High,False,True
Eroticy,Eroticy,Physical addresses,1370175,2015,High,False,True
Eroticy,Eroticy,Usernames,1370175,2015,High,False,True
Eroticy,Eroticy,Website activity,1370175,2015,High,False,True
Eskimi,Eskimi,Dates of birth,1197620,2020,High,True,False
Eskimi,Eskimi,Email addresses,1197620,2020,High,True,False
Eskimi,Eskimi,Genders,1197620,2020,High,True,False
Eskimi,Eskimi,Geographic locations,1197620,2020,High,True,False
Eskimi,Eskimi,Passwords,1197620,2020,High,True,False
Eskimi,Eskimi,Usernames,1197620,2020,High,True,False
EstanteVirtual,Estante Virtual,Dates of birth,5412603,2019,High,True,False
EstanteVirtual,Estante Virtual,Email addresses,5412603,2019,High,True,False
EstanteVirtual,Estante Virtual,Names,5412603,2019,High,True,False
EstanteVirtual,Estante Virtual,Passwords,5412603,2019,High,True,False
EstanteVirtual,Estante Virtual,Phone numbers,5412603,2019,High,True,False
EstanteVirtual,Estante Virtual,Physical addresses,5412603,2019,High,True,False
EstanteVirtual,Estante Virtual,Usernames,5412603,2019,High,True,False
Estonia,Estonian Citizens (via Estonian Cybercrime Bureau),Email addresses,655161,2018,Medium,True,False
Estonia,Estonian Citizens (via Estonian Cybercrime Bureau),Passwords,655161,2018,Medium,True,False
eThekwiniMunicipality,eThekwini Municipality,Dates of birth,81830,2016,Low,True,False
eThekwiniMunicipality,eThekwini Municipality,Deceased date,81830,2016,Low,True,False
eThekwiniMunicipality,eThekwini Municipality,Email addresses,81830,2016,Low,True,False
eThekwiniMunicipality,eThekwini Municipality,Genders,81830,2016,Low,True,False
eThekwiniMunicipality,eThekwini Municipality,Government issued IDs,81830,2016,Low,True,False
eThekwiniMunicipality,eThekwini Municipality,Names,81830,2016,Low,True,False
eThekwiniMunicipality,eThekwini Municipality,Passport numbers,81830,2016,Low,True,False
eThekwiniMunicipality,eThekwini Municipality,Passwords,81830,2016,Low,True,False
eThekwiniMunicipality,eThekwini Municipality,Phone numbers,81830,2016,Low,True,False
eThekwiniMunicipality,eThekwini Municipality,Physical addresses,81830,2016,Low,True,False
eThekwiniMunicipality,eThekwini Municipality,Utility bills,81830,2016,Low,True,False
Ethereum,Ethereum,Email addresses,16431,2016,Low,True,False
Ethereum,Ethereum,IP addresses,16431,2016,Low,True,False
Ethereum,Ethereum,Passwords,16431,2016,Low,True,False
Ethereum,Ethereum,Private messages,16431,2016,Low,True,False
Ethereum,Ethereum,Usernames,16431,2016,Low,True,False
Ethereum,Ethereum,Website activity,16431,2016,Low,True,False
EuropaJobs,europa.jobs,Dates of birth,226095,2019,Medium,True,False
EuropaJobs,europa.jobs,Email addresses,226095,2019,Medium,True,False
EuropaJobs,europa.jobs,Geographic locations,226095,2019,Medium,True,False
EuropaJobs,europa.jobs,Job applications,226095,2019,Medium,True,False
EuropaJobs,europa.jobs,Names,226095,2019,Medium,True,False
EuropaJobs,europa.jobs,Passwords,226095,2019,Medium,True,False
EuropaJobs,europa.jobs,Phone numbers,226095,2019,Medium,True,False
EuropaJobs,europa.jobs,Spoken languages,226095,2019,Medium,True,False
Evermotion,Evermotion,Dates of birth,435510,2015,Medium,True,False
Evermotion,Evermotion,Email addresses,435510,2015,Medium,True,False
Evermotion,Evermotion,Passwords,435510,2015,Medium,True,False
Evermotion,Evermotion,Usernames,435510,2015,Medium,True,False
EverybodyEdits,Everybody Edits,Email addresses,871190,2019,Medium,True,False
EverybodyEdits,Everybody Edits,IP addresses,871190,2019,Medium,True,False
EverybodyEdits,Everybody Edits,Usernames,871190,2019,Medium,True,False
Evite,Evite,Dates of birth,100985047,2013,Critical,True,False
Evite,Evite,Email addresses,100985047,2013,Critical,True,False
Evite,Evite,Genders,100985047,2013,Critical,True,False
Evite,Evite,Names,100985047,2013,Critical,True,False
Evite,Evite,Passwords,100985047,2013,Critical,True,False
Evite,Evite,Phone numbers,100985047,2013,Critical,True,False
Evite,Evite,Physical addresses,100985047,2013,Critical,True,False
Evony,Evony,Email addresses,29396116,2016,Critical,True,False
Evony,Evony,IP addresses,29396116,2016,Critical,True,False
Evony,Evony,Passwords,29396116,2016,Critical,True,False
Evony,Evony,Usernames,29396116,2016,Critical,True,False
Exactis,Exactis,Credit status information,131577763,2018,Critical,True,False
Exactis,Exactis,Dates of birth,131577763,2018,Critical,True,False
Exactis,Exactis,Education levels,131577763,2018,Critical,True,False
Exactis,Exactis,Email addresses,131577763,2018,Critical,True,False
Exactis,Exactis,Ethnicities,131577763,2018,Critical,True,False
Exactis,Exactis,Family structure,131577763,2018,Critical,True,False
Exactis,Exactis,Financial investments,131577763,2018,Critical,True,False
Exactis,Exactis,Genders,131577763,2018,Critical,True,False
Exactis,Exactis,Home ownership statuses,131577763,2018,Critical,True,False
Exactis,Exactis,Income levels,131577763,2018,Critical,True,False
Exactis,Exactis,IP addresses,131577763,2018,Critical,True,False
Exactis,Exactis,Marital statuses,131577763,2018,Critical,True,False
Exactis,Exactis,Names,131577763,2018,Critical,True,False
Exactis,Exactis,Net worths,131577763,2018,Critical,True,False
Exactis,Exactis,Occupations,131577763,2018,Critical,True,False
Exactis,Exactis,Personal interests,131577763,2018,Critical,True,False
Exactis,Exactis,Phone numbers,131577763,2018,Critical,True,False
Exactis,Exactis,Physical addresses,131577763,2018,Critical,True,False
Exactis,Exactis,Religions,131577763,2018,Critical,True,False
Exactis,Exactis,Spoken languages,131577763,2018,Critical,True,False
Experian,Experian (2015),Credit status information,7196890,2015,High,False,False
Experian,Experian (2015),Dates of birth,7196890,2015,High,False,False
Experian,Experian (2015),Email addresses,7196890,2015,High,False,False
Experian,Experian (2015),Ethnicities,7196890,2015,High,False,False
Experian,Experian (2015),Family structure,7196890,2015,High,False,False
Experian,Experian (2015),Genders,7196890,2015,High,False,False
Experian,Experian (2015),Home ownership statuses,7196890,2015,High,False,False
Experian,Experian (2015),Income levels,7196890,2015,High,False,False
Experian,Experian (2015),IP addresses,7196890,2015,High,False,False
Experian,Experian (2015),Names,7196890,2015,High,False,False
Experian,Experian (2015),Phone numbers,7196890,2015,High,False,False
Experian,Experian (2015),Physical addresses,7196890,2015,High,False,False
Experian,Experian (2015),Purchasing habits,7196890,2015,High,False,False
Experian2020,Experian (South Africa),Email addresses,1284637,2020,High,True,False
Experian2020,Experian (South Africa),Employers,1284637,2020,High,True,False
Experian2020,Experian (South Africa),Government issued IDs,1284637,2020,High,True,False
Experian2020,Experian (South Africa),Names,1284637,2020,High,True,False
Experian2020,Experian (South Africa),Occupations,1284637,2020,High,True,False
Experian2020,Experian (South Africa),Phone numbers,1284637,2020,High,True,False
ExploitIn,Exploit.In,Email addresses,593427119,2016,Critical,False,False
ExploitIn,Exploit.In,Passwords,593427119,2016,Critical,False,False
VINs,Exposed VINs,Dates of birth,396650,2017,Medium,False,False
VINs,Exposed VINs,Email addresses,396650,2017,Medium,False,False
VINs,Exposed VINs,Family structure,396650,2017,Medium,False,False
VINs,Exposed VINs,Genders,396650,2017,Medium,False,False
VINs,Exposed VINs,Names,396650,2017,Medium,False,False
VINs,Exposed VINs,Phone numbers,396650,2017,Medium,False,False
VINs,Exposed VINs,Physical addresses,396650,2017,Medium,False,False
VINs,Exposed VINs,Vehicle details,396650,2017,Medium,False,False
Exvagos,Exvagos,Dates of birth,2121789,2022,High,True,False
Exvagos,Exvagos,Email addresses,2121789,2022,High,True,False
Exvagos,Exvagos,IP addresses,2121789,2022,High,True,False
Exvagos,Exvagos,Passwords,2121789,2022,High,True,False
Exvagos,Exvagos,Usernames,2121789,2022,High,True,False
Eye4Fraud,Eye4Fraud,Email addresses,16000591,2023,Critical,True,False
Eye4Fraud,Eye4Fraud,IP addresses,16000591,2023,Critical,True,False
Eye4Fraud,Eye4Fraud,Names,16000591,2023,Critical,True,False
Eye4Fraud,Eye4Fraud,Partial credit card data,16000591,2023,Critical,True,False
Eye4Fraud,Eye4Fraud,Passwords,16000591,2023,Critical,True,False
Eye4Fraud,Eye4Fraud,Phone numbers,16000591,2023,Critical,True,False
Eye4Fraud,Eye4Fraud,Physical addresses,16000591,2023,Critical,True,False
EyeEm,EyeEm,Bios,19611022,2018,Critical,True,False
EyeEm,EyeEm,Email addresses,19611022,2018,Critical,True,False
EyeEm,EyeEm,Names,19611022,2018,Critical,True,False
EyeEm,EyeEm,Passwords,19611022,2018,Critical,True,False
EyeEm,EyeEm,Usernames,19611022,2018,Critical,True,False
Facebook,Facebook,Dates of birth,509458528,2019,Critical,True,False
Facebook,Facebook,Email addresses,509458528,2019,Critical,True,False
Facebook,Facebook,Employers,509458528,2019,Critical,True,False
Facebook,Facebook,Genders,509458528,2019,Critical,True,False
Facebook,Facebook,Geographic locations,509458528,2019,Critical,True,False
Facebook,Facebook,Names,509458528,2019,Critical,True,False
Facebook,Facebook,Phone numbers,509458528,2019,Critical,True,False
Facebook,Facebook,Relationship statuses,509458528,2019,Critical,True,False
FacebookMarketplace,Facebook Marketplace,Email addresses,77267,2023,Low,True,False
FacebookMarketplace,Facebook Marketplace,Geographic locations,77267,2023,Low,True,False
FacebookMarketplace,Facebook Marketplace,Names,77267,2023,Low,True,False
FacebookMarketplace,Facebook Marketplace,Passwords,77267,2023,Low,True,False
FacebookMarketplace,Facebook Marketplace,Phone numbers,77267,2023,Low,True,False
FacebookMarketplace,Facebook Marketplace,Social media profiles,77267,2023,Low,True,False
Facepunch,Facepunch,Dates of birth,342913,2016,Medium,True,False
Facepunch,Facepunch,Email addresses,342913,2016,Medium,True,False
Facepunch,Facepunch,IP addresses,342913,2016,Medium,True,False
Facepunch,Facepunch,Passwords,342913,2016,Medium,True,False
Facepunch,Facepunch,Usernames,342913,2016,Medium,True,False
FaceUP,FaceUP,Dates of birth,87633,2013,Low,True,False
FaceUP,FaceUP,Email addresses,87633,2013,Low,True,False
FaceUP,FaceUP,Genders,87633,2013,Low,True,False
FaceUP,FaceUP,Names,87633,2013,Low,True,False
FaceUP,FaceUP,Passwords,87633,2013,Low,True,False
FaceUP,FaceUP,Phone numbers,87633,2013,Low,True,False
FaceUP,FaceUP,Usernames,87633,2013,Low,True,False
Factual,Factual,Email addresses,2461696,2017,High,True,False
Factual,Factual,Employers,2461696,2017,High,True,False
Factual,Factual,Phone numbers,2461696,2017,High,True,False
Factual,Factual,Physical addresses,2461696,2017,High,True,False
Famm,Famm,Dates of birth,535240,2020,Medium,True,False
Famm,Famm,Email addresses,535240,2020,Medium,True,False
Famm,Famm,Genders,535240,2020,Medium,True,False
Famm,Famm,Names,535240,2020,Medium,True,False
Famm,Famm,Passwords,535240,2020,Medium,True,False
Fanpass,Fanpass,Email addresses,112251,2022,Medium,True,False
Fanpass,Fanpass,Genders,112251,2022,Medium,True,False
Fanpass,Fanpass,Names,112251,2022,Medium,True,False
Fanpass,Fanpass,Partial dates of birth,112251,2022,Medium,True,False
Fanpass,Fanpass,Passwords,112251,2022,Medium,True,False
Fanpass,Fanpass,Phone numbers,112251,2022,Medium,True,False
Fanpass,Fanpass,Physical addresses,112251,2022,Medium,True,False
Fanpass,Fanpass,Purchases,112251,2022,Medium,True,False
Fanpass,Fanpass,Social media profiles,112251,2022,Medium,True,False
FantasyFootballHub,Fantasy Football Hub,Email addresses,66479,2021,Low,True,False
FantasyFootballHub,Fantasy Football Hub,IP addresses,66479,2021,Low,True,False
FantasyFootballHub,Fantasy Football Hub,Names,66479,2021,Low,True,False
FantasyFootballHub,Fantasy Football Hub,Passwords,66479,2021,Low,True,False
FantasyFootballHub,Fantasy Football Hub,Purchases,66479,2021,Low,True,False
FantasyFootballHub,Fantasy Football Hub,Usernames,66479,2021,Low,True,False
WhiteRoom,Fashion Nexus,Browser user agent details,1279263,2018,High,True,False
WhiteRoom,Fashion Nexus,Dates of birth,1279263,2018,High,True,False
WhiteRoom,Fashion Nexus,Email addresses,1279263,2018,High,True,False
WhiteRoom,Fashion Nexus,Genders,1279263,2018,High,True,False
WhiteRoom,Fashion Nexus,IP addresses,1279263,2018,High,True,False
WhiteRoom,Fashion Nexus,Names,1279263,2018,High,True,False
WhiteRoom,Fashion Nexus,Passwords,1279263,2018,High,True,False
WhiteRoom,Fashion Nexus,Phone numbers,1279263,2018,High,True,False
WhiteRoom,Fashion Nexus,Physical addresses,1279263,2018,High,True,False
WhiteRoom,Fashion Nexus,Purchases,1279263,2018,High,True,False
FashionFantasyGame,FashionFantasyGame,Email addresses,2357872,2016,High,True,False
FashionFantasyGame,FashionFantasyGame,Passwords,2357872,2016,High,True,False
FilmaiIn,Filmai.in,Email addresses,645786,2020,Medium,True,False
FilmaiIn,Filmai.in,Passwords,645786,2020,Medium,True,False
FilmaiIn,Filmai.in,Usernames,645786,2020,Medium,True,False
FFShrine,Final Fantasy Shrine,Email addresses,620677,2015,Medium,True,False
FFShrine,Final Fantasy Shrine,Passwords,620677,2015,Medium,True,False
FFShrine,Final Fantasy Shrine,Usernames,620677,2015,Medium,True,False
FFShrine,Final Fantasy Shrine,Website activity,620677,2015,Medium,True,False
Fitmart,Fitmart,Email addresses,214492,2021,Medium,True,False
Fitmart,Fitmart,Passwords,214492,2021,Medium,True,False
FlashFlashRevolution,Flash Flash Revolution (2016 breach),Email addresses,1771845,2016,High,True,False
FlashFlashRevolution,Flash Flash Revolution (2016 breach),Passwords,1771845,2016,High,True,False
FlashFlashRevolution,Flash Flash Revolution (2016 breach),Usernames,1771845,2016,High,True,False
FlashFlashRevolution2019,Flash Flash Revolution (2019 breach),Dates of birth,1858124,2019,High,True,False
FlashFlashRevolution2019,Flash Flash Revolution (2019 breach),Email addresses,1858124,2019,High,True,False
FlashFlashRevolution2019,Flash Flash Revolution (2019 breach),IP addresses,1858124,2019,High,True,False
FlashFlashRevolution2019,Flash Flash Revolution (2019 breach),Passwords,1858124,2019,High,True,False
FlashFlashRevolution2019,Flash Flash Revolution (2019 breach),Usernames,1858124,2019,High,True,False
Flashback,Flashback,Email addresses,40256,2015,Low,True,False
Flashback,Flashback,Government issued IDs,40256,2015,Low,True,False
Flashback,Flashback,Physical addresses,40256,2015,Low,True,False
FlexBooker,FlexBooker,Email addresses,3756794,2021,High,True,False
FlexBooker,FlexBooker,Names,3756794,2021,High,True,False
FlexBooker,FlexBooker,Partial credit card data,3756794,2021,High,True,False
FlexBooker,FlexBooker,Passwords,3756794,2021,High,True,False
FlexBooker,FlexBooker,Phone numbers,3756794,2021,High,True,False
Fling,Fling,Dates of birth,40767652,2011,Critical,True,True
Fling,Fling,Email addresses,40767652,2011,Critical,True,True
Fling,Fling,Genders,40767652,2011,Critical,True,True
Fling,Fling,Geographic locations,40767652,2011,Critical,True,True
Fling,Fling,IP addresses,40767652,2011,Critical,True,True
Fling,Fling,Passwords,40767652,2011,Critical,True,True
Fling,Fling,Phone numbers,40767652,2011,Critical,True,True
Fling,Fling,Sexual fetishes,40767652,2011,Critical,True,True
Fling,Fling,Sexual orientations,40767652,2011,Critical,True,True
Fling,Fling,Usernames,40767652,2011,Critical,True,True
Fling,Fling,Website activity,40767652,2011,Critical,True,True
FLVS,Florida Virtual School,Dates of birth,542902,2018,Medium,True,True
FLVS,Florida Virtual School,Email addresses,542902,2018,Medium,True,True
FLVS,Florida Virtual School,Names,542902,2018,Medium,True,True
FLVS,Florida Virtual School,Passwords,542902,2018,Medium,True,True
FLVS,Florida Virtual School,School grades (class levels),542902,2018,Medium,True,True
FLVS,Florida Virtual School,Usernames,542902,2018,Medium,True,True
Foodora,Foodora,Email addresses,582578,2016,Medium,True,False
Foodora,Foodora,Names,582578,2016,Medium,True,False
Foodora,Foodora,Passwords,582578,2016,Medium,True,False
Foodora,Foodora,Phone numbers,582578,2016,Medium,True,False
Foodora,Foodora,Physical addresses,582578,2016,Medium,True,False
Forbes,Forbes,Email addresses,1057819,2014,High,True,False
Forbes,Forbes,Passwords,1057819,2014,High,True,False
Forbes,Forbes,User website URLs,1057819,2014,High,True,False
Forbes,Forbes,Usernames,1057819,2014,High,True,False
ForumCommunity,ForumCommunity,Email addresses,776648,2016,Medium,True,False
ForumCommunity,ForumCommunity,Passwords,776648,2016,Medium,True,False
ForumCommunity,ForumCommunity,Usernames,776648,2016,Medium,True,False
Fotolog,Fotolog,Email addresses,16717854,2018,Critical,True,False
Fotolog,Fotolog,Passwords,16717854,2018,Critical,True,False
Fotolog,Fotolog,Usernames,16717854,2018,Critical,True,False
FoxyBingo,Foxy Bingo,Account balances,252216,2008,Medium,True,False
FoxyBingo,Foxy Bingo,Browser user agent details,252216,2008,Medium,True,False
FoxyBingo,Foxy Bingo,Dates of birth,252216,2008,Medium,True,False
FoxyBingo,Foxy Bingo,Email addresses,252216,2008,Medium,True,False
FoxyBingo,Foxy Bingo,Genders,252216,2008,Medium,True,False
FoxyBingo,Foxy Bingo,Names,252216,2008,Medium,True,False
FoxyBingo,Foxy Bingo,Passwords,252216,2008,Medium,True,False
FoxyBingo,Foxy Bingo,Phone numbers,252216,2008,Medium,True,False
FoxyBingo,Foxy Bingo,Physical addresses,252216,2008,Medium,True,False
FoxyBingo,Foxy Bingo,Usernames,252216,2008,Medium,True,False
FoxyBingo,Foxy Bingo,Website activity,252216,2008,Medium,True,False
FreedomHostingII,Freedom Hosting II,Email addresses,380830,2017,Medium,True,True
FreedomHostingII,Freedom Hosting II,Passwords,380830,2017,Medium,True,True
FreedomHostingII,Freedom Hosting II,Usernames,380830,2017,Medium,True,True
FreshMenu,FreshMenu,Device information,110355,2016,Medium,True,False
FreshMenu,FreshMenu,Email addresses,110355,2016,Medium,True,False
FreshMenu,FreshMenu,Names,110355,2016,Medium,True,False
FreshMenu,FreshMenu,Phone numbers,110355,2016,Medium,True,False
FreshMenu,FreshMenu,Physical addresses,110355,2016,Medium,True,False
FreshMenu,FreshMenu,Purchases,110355,2016,Medium,True,False
Fridae,Fridae,Email addresses,35368,2014,Low,True,True
Fridae,Fridae,Passwords,35368,2014,Low,True,True
Fridae,Fridae,Usernames,35368,2014,Low,True,True
Fridae,Fridae,Website activity,35368,2014,Low,True,True
Funimation,Funimation,Dates of birth,2491103,2016,High,True,False
Funimation,Funimation,Email addresses,2491103,2016,High,True,False
Funimation,Funimation,Passwords,2491103,2016,High,True,False
Funimation,Funimation,Usernames,2491103,2016,High,True,False
FunnyGames,Funny Games,Email addresses,764357,2018,Medium,True,False
FunnyGames,Funny Games,IP addresses,764357,2018,Medium,True,False
FunnyGames,Funny Games,Passwords,764357,2018,Medium,True,False
FunnyGames,Funny Games,Usernames,764357,2018,Medium,True,False
FurAffinity,Fur Affinity,Email addresses,1270564,2016,High,True,True
FurAffinity,Fur Affinity,Passwords,1270564,2016,High,True,True
FurAffinity,Fur Affinity,Usernames,1270564,2016,High,True,True
Gaadi,Gaadi,Email addresses,4261179,2015,High,True,False
Gaadi,Gaadi,Genders,4261179,2015,High,True,False
Gaadi,Gaadi,Geographic locations,4261179,2015,High,True,False
Gaadi,Gaadi,IP addresses,4261179,2015,High,True,False
Gaadi,Gaadi,Names,4261179,2015,High,True,False
Gaadi,Gaadi,Passwords,4261179,2015,High,True,False
Gaadi,Gaadi,Phone numbers,4261179,2015,High,True,False
Gaadi,Gaadi,Usernames,4261179,2015,High,True,False
Gab,Gab,Avatars,66521,2021,Low,True,True
Gab,Gab,Email addresses,66521,2021,Low,True,True
Gab,Gab,Names,66521,2021,Low,True,True
Gab,Gab,Passwords,66521,2021,Low,True,True
Gab,Gab,Private messages,66521,2021,Low,True,True
Gab,Gab,Usernames,66521,2021,Low,True,True
GamerzPlanet,Gamerzplanet,Email addresses,1217166,2015,High,True,False
GamerzPlanet,Gamerzplanet,IP addresses,1217166,2015,High,True,False
GamerzPlanet,Gamerzplanet,Passwords,1217166,2015,High,True,False
GamerzPlanet,Gamerzplanet,Usernames,1217166,2015,High,True,False
GameSalad,GameSalad,Email addresses,1506242,2019,High,True,False
GameSalad,GameSalad,IP addresses,1506242,2019,High,True,False
GameSalad,GameSalad,Passwords,1506242,2019,High,True,False
GameSalad,GameSalad,Usernames,1506242,2019,High,True,False
GameSprite,GameSprite,Email addresses,6164643,2019,High,True,False
GameSprite,GameSprite,IP addresses,6164643,2019,High,True,False
GameSprite,GameSprite,Passwords,6164643,2019,High,True,False
GameSprite,GameSprite,Usernames,6164643,2019,High,True,False
GameTuts,GameTuts,Email addresses,2064274,2015,High,True,False
GameTuts,GameTuts,IP addresses,2064274,2015,High,True,False
GameTuts,GameTuts,Passwords,2064274,2015,High,True,False
GameTuts,GameTuts,Usernames,2064274,2015,High,True,False
Gamigo,Gamigo,Email addresses,8243604,2012,High,True,False
Gamigo,Gamigo,Passwords,8243604,2012,High,True,False
GamingMonk,GamingMonk,Dates of birth,654510,2020,Medium,True,False
GamingMonk,GamingMonk,Email addresses,654510,2020,Medium,True,False
GamingMonk,GamingMonk,Names,654510,2020,Medium,True,False
GamingMonk,GamingMonk,Passwords,654510,2020,Medium,True,False
GamingMonk,GamingMonk,Phone numbers,654510,2020,Medium,True,False
GamingMonk,GamingMonk,Usernames,654510,2020,Medium,True,False
GateHub,GateHub,Email addresses,1408078,2019,High,True,False
GateHub,GateHub,Encrypted keys,1408078,2019,High,True,False
GateHub,GateHub,Mnemonic phrases,1408078,2019,High,True,False
GateHub,GateHub,Passwords,1408078,2019,High,True,False
Gawker,Gawker,Email addresses,1247574,2010,High,True,False
Gawker,Gawker,Passwords,1247574,2010,High,True,False
Gawker,Gawker,Usernames,1247574,2010,High,True,False
Gett,Ge.tt,Email addresses,2481121,2017,High,True,False
Gett,Ge.tt,Names,2481121,2017,High,True,False
Gett,Ge.tt,Passwords,2481121,2017,High,True,False
Gett,Ge.tt,Social media profiles,2481121,2017,High,True,False
GeekedIn,GeekedIn,Email addresses,1073164,2016,High,True,False
GeekedIn,GeekedIn,Geographic locations,1073164,2016,High,True,False
GeekedIn,GeekedIn,Names,1073164,2016,High,True,False
GeekedIn,GeekedIn,Professional skills,1073164,2016,High,True,False
GeekedIn,GeekedIn,Usernames,1073164,2016,High,True,False
GeekedIn,GeekedIn,Years of professional experience,1073164,2016,High,True,False
Gemini,Gemini,Email addresses,5274214,2022,High,True,False
Gemini,Gemini,Partial phone numbers,5274214,2022,High,True,False
Gemplex,Gemplex,Device information,4563166,2021,High,True,False
Gemplex,Gemplex,Email addresses,4563166,2021,High,True,False
Gemplex,Gemplex,Names,4563166,2021,High,True,False
Gemplex,Gemplex,Passwords,4563166,2021,High,True,False
Gemplex,Gemplex,Phone numbers,4563166,2021,High,True,False
GenesisMarket,Genesis Market,Browser user agent details,8000000,2023,High,True,True
GenesisMarket,Genesis Market,Credit card CVV,8000000,2023,High,True,True
GenesisMarket,Genesis Market,Credit cards,8000000,2023,High,True,True
GenesisMarket,Genesis Market,Dates of birth,8000000,2023,High,True,True
GenesisMarket,Genesis Market,Email addresses,8000000,2023,High,True,True
GenesisMarket,Genesis Market,Names,8000000,2023,High,True,True
GenesisMarket,Genesis Market,Passwords,8000000,2023,High,True,True
GenesisMarket,Genesis Market,Phone numbers,8000000,2023,High,True,True
GenesisMarket,Genesis Market,Physical addresses,8000000,2023,High,True,True
GenesisMarket,Genesis Market,Usernames,8000000,2023,High,True,True
GeniusU,GeniusU,Email addresses,1301460,2020,High,True,False
GeniusU,GeniusU,Genders,1301460,2020,High,True,False
GeniusU,GeniusU,IP addresses,1301460,2020,High,True,False
GeniusU,GeniusU,Names,1301460,2020,High,True,False
GeniusU,GeniusU,Passwords,1301460,2020,High,True,False
GeniusU,GeniusU,Social media profiles,1301460,2020,High,True,False
GetRevengeOnYourEx,Get Revenge On Your Ex,Email addresses,79195,2022,Low,True,True
GetRevengeOnYourEx,Get Revenge On Your Ex,IP addresses,79195,2022,Low,True,True
GetRevengeOnYourEx,Get Revenge On Your Ex,Names,79195,2022,Low,True,True
GetRevengeOnYourEx,Get Revenge On Your Ex,Passwords,79195,2022,Low,True,True
GetRevengeOnYourEx,Get Revenge On Your Ex,Phone numbers,79195,2022,Low,True,True
GetRevengeOnYourEx,Get Revenge On Your Ex,Physical addresses,79195,2022,Low,True,True
GetRevengeOnYourEx,Get Revenge On Your Ex,Purchases,79195,2022,Low,True,True
GFAN,GFAN,Email addresses,22526334,2016,Critical,False,False
GFAN,GFAN,IP addresses,22526334,2016,Critical,False,False
GFAN,GFAN,Passwords,22526334,2016,Critical,False,False
GFAN,GFAN,Usernames,22526334,2016,Critical,False,False
GGCorp,GGCorp,Email addresses,2376330,2022,High,True,False
GGCorp,GGCorp,IP addresses,2376330,2022,High,True,False
GGCorp,GGCorp,Passwords,2376330,2022,High,True,False
GGCorp,GGCorp,Usernames,2376330,2022,High,True,False
GiantTiger,Giant Tiger,Email addresses,2842669,2024,High,True,False
GiantTiger,Giant Tiger,Names,2842669,2024,High,True,False
GiantTiger,Giant Tiger,Phone numbers,2842669,2024,High,True,False
GiantTiger,Giant Tiger,Physical addresses,2842669,2024,High,True,False
GiveSendGo,GiveSendGo,Email addresses,89966,2022,Low,True,False
GiveSendGo,GiveSendGo,Geographic locations,89966,2022,Low,True,False
GiveSendGo,GiveSendGo,Names,89966,2022,Low,True,False
GiveSendGo,GiveSendGo,Purchases,89966,2022,Low,True,False
Glofox,Glofox,Dates of birth,2330735,2020,High,True,False
Glofox,Glofox,Email addresses,2330735,2020,High,True,False
Glofox,Glofox,Genders,2330735,2020,High,True,False
Glofox,Glofox,Names,2330735,2020,High,True,False
Glofox,Glofox,Passwords,2330735,2020,High,True,False
Glofox,Glofox,Phone numbers,2330735,2020,High,True,False
GoGames,Go Games,Email addresses,3430083,2015,High,True,False
GoGames,Go Games,IP addresses,3430083,2015,High,True,False
GoGames,Go Games,Passwords,3430083,2015,High,True,False
GoGames,Go Games,Usernames,3430083,2015,High,True,False
GoNinja,Go Ninja,Email addresses,4999001,2019,High,True,False
GoNinja,Go Ninja,IP addresses,4999001,2019,High,True,False
GoNinja,Go Ninja,Passwords,4999001,2019,High,True,False
GoNinja,Go Ninja,Usernames,4999001,2019,High,True,False
GoldSilver,GoldSilver,Bank account numbers,242715,2018,Medium,True,False
GoldSilver,GoldSilver,Email addresses,242715,2018,Medium,True,False
GoldSilver,GoldSilver,IP addresses,242715,2018,Medium,True,False
GoldSilver,GoldSilver,Names,242715,2018,Medium,True,False
GoldSilver,GoldSilver,Partial credit card data,242715,2018,Medium,True,False
GoldSilver,GoldSilver,Passport numbers,242715,2018,Medium,True,False
GoldSilver,GoldSilver,Phone numbers,242715,2018,Medium,True,False
GoldSilver,GoldSilver,Physical addresses,242715,2018,Medium,True,False
GoldSilver,GoldSilver,Purchases,242715,2018,Medium,True,False
GoldSilver,GoldSilver,Security questions and answers,242715,2018,Medium,True,False
GoldSilver,GoldSilver,Social security numbers,242715,2018,Medium,True,False
gPotato,gPotato,Dates of birth,2136520,2007,High,True,False
gPotato,gPotato,Email addresses,2136520,2007,High,True,False
gPotato,gPotato,Genders,2136520,2007,High,True,False
gPotato,gPotato,IP addresses,2136520,2007,High,True,False
gPotato,gPotato,Names,2136520,2007,High,True,False
gPotato,gPotato,Passwords,2136520,2007,High,True,False
gPotato,gPotato,Physical addresses,2136520,2007,High,True,False
gPotato,gPotato,Security questions and answers,2136520,2007,High,True,False
gPotato,gPotato,Usernames,2136520,2007,High,True,False
gPotato,gPotato,Website activity,2136520,2007,High,True,False
GPSUnderground,GPS Underground,Dates of birth,669584,2016,Medium,True,False
GPSUnderground,GPS Underground,Email addresses,669584,2016,Medium,True,False
GPSUnderground,GPS Underground,IP addresses,669584,2016,Medium,True,False
GPSUnderground,GPS Underground,Passwords,669584,2016,Medium,True,False
GPSUnderground,GPS Underground,Usernames,669584,2016,Medium,True,False
Gravatar,Gravatar,Email addresses,113990759,2020,Critical,True,False
Gravatar,Gravatar,Names,113990759,2020,Critical,True,False
Gravatar,Gravatar,Usernames,113990759,2020,Critical,True,False
GSMHosting,GSM Hosting,Email addresses,2607440,2016,High,True,False
GSMHosting,GSM Hosting,IP addresses,2607440,2016,High,True,False
GSMHosting,GSM Hosting,Passwords,2607440,2016,High,True,False
GSMHosting,GSM Hosting,Usernames,2607440,2016,High,True,False
GTAGaming,GTAGaming,Dates of birth,197184,2016,Medium,True,False
GTAGaming,GTAGaming,Email addresses,197184,2016,Medium,True,False
GTAGaming,GTAGaming,IP addresses,197184,2016,Medium,True,False
GTAGaming,GTAGaming,Passwords,197184,2016,Medium,True,False
GTAGaming,GTAGaming,Usernames,197184,2016,Medium,True,False
GTAGaming,GTAGaming,Website activity,197184,2016,Medium,True,False
GunAuction,GunAuction.com,Browser user agent details,565470,2022,Medium,True,False
GunAuction,GunAuction.com,Email addresses,565470,2022,Medium,True,False
GunAuction,GunAuction.com,Genders,565470,2022,Medium,True,False
GunAuction,GunAuction.com,IP addresses,565470,2022,Medium,True,False
GunAuction,GunAuction.com,Partial credit card data,565470,2022,Medium,True,False
GunAuction,GunAuction.com,Partial dates of birth,565470,2022,Medium,True,False
GunAuction,GunAuction.com,Passwords,565470,2022,Medium,True,False
GunAuction,GunAuction.com,Phone numbers,565470,2022,Medium,True,False
GunAuction,GunAuction.com,Physical addresses,565470,2022,Medium,True,False
GunAuction,GunAuction.com,Usernames,565470,2022,Medium,True,False
Playgar,Guns and Robots,Email addresses,143569,2016,Medium,True,False
Playgar,Guns and Robots,IP addresses,143569,2016,Medium,True,False
Playgar,Guns and Robots,Passwords,143569,2016,Medium,True,False
Playgar,Guns and Robots,Usernames,143569,2016,Medium,True,False
GunsDotCom,Guns.com,Dates of birth,375928,2021,Medium,True,True
GunsDotCom,Guns.com,Email addresses,375928,2021,Medium,True,True
GunsDotCom,Guns.com,Names,375928,2021,Medium,True,True
GunsDotCom,Guns.com,Partial credit card data,375928,2021,Medium,True,True
GunsDotCom,Guns.com,Passwords,375928,2021,Medium,True,True
GunsDotCom,Guns.com,Phone numbers,375928,2021,Medium,True,True
GunsDotCom,Guns.com,Physical addresses,375928,2021,Medium,True,True
GunsDotCom,Guns.com,Purchases,375928,2021,Medium,True,True
Guntrader,Guntrader,Browser user agent details,112031,2021,Medium,True,False
Guntrader,Guntrader,Email addresses,112031,2021,Medium,True,False
Guntrader,Guntrader,Geographic locations,112031,2021,Medium,True,False
Guntrader,Guntrader,IP addresses,112031,2021,Medium,True,False
Guntrader,Guntrader,Names,112031,2021,Medium,True,False
Guntrader,Guntrader,Passwords,112031,2021,Medium,True,False
Guntrader,Guntrader,Phone numbers,112031,2021,Medium,True,False
Guntrader,Guntrader,Physical addresses,112031,2021,Medium,True,False
Guntrader,Guntrader,Salutations,112031,2021,Medium,True,False
HackForums,hackforums.net,Dates of birth,191540,2011,Medium,True,False
HackForums,hackforums.net,Email addresses,191540,2011,Medium,True,False
HackForums,hackforums.net,Instant messenger identities,191540,2011,Medium,True,False
HackForums,hackforums.net,IP addresses,191540,2011,Medium,True,False
HackForums,hackforums.net,Passwords,191540,2011,Medium,True,False
HackForums,hackforums.net,Social connections,191540,2011,Medium,True,False
HackForums,hackforums.net,Spoken languages,191540,2011,Medium,True,False
HackForums,hackforums.net,Time zones,191540,2011,Medium,True,False
HackForums,hackforums.net,User website URLs,191540,2011,Medium,True,False
HackForums,hackforums.net,Usernames,191540,2011,Medium,True,False
HackForums,hackforums.net,Website activity,191540,2011,Medium,True,False
HackingTeam,Hacking Team,Email addresses,32310,2015,Low,True,False
HackingTeam,Hacking Team,Email messages,32310,2015,Low,True,False
Hathway,Hathway,Device information,4670080,2023,High,True,False
Hathway,Hathway,Email addresses,4670080,2023,High,True,False
Hathway,Hathway,IP addresses,4670080,2023,High,True,False
Hathway,Hathway,Names,4670080,2023,High,True,False
Hathway,Hathway,Passwords,4670080,2023,High,True,False
Hathway,Hathway,Phone numbers,4670080,2023,High,True,False
Hathway,Hathway,Physical addresses,4670080,2023,High,True,False
Hathway,Hathway,Salutations,4670080,2023,High,True,False
Hathway,Hathway,Support tickets,4670080,2023,High,True,False
HauteLook,HauteLook,Dates of birth,28510459,2018,Critical,True,False
HauteLook,HauteLook,Email addresses,28510459,2018,Critical,True,False
HauteLook,HauteLook,Genders,28510459,2018,Critical,True,False
HauteLook,HauteLook,Geographic locations,28510459,2018,Critical,True,False
HauteLook,HauteLook,Names,28510459,2018,Critical,True,False
HauteLook,HauteLook,Passwords,28510459,2018,Critical,True,False
Havenly,Havenly,Email addresses,1369180,2020,High,True,False
Havenly,Havenly,Geographic locations,1369180,2020,High,True,False
Havenly,Havenly,Names,1369180,2020,High,True,False
Havenly,Havenly,Passwords,1369180,2020,High,True,False
Havenly,Havenly,Phone numbers,1369180,2020,High,True,False
HDBFinancialServices,HDB Financial Services,Dates of birth,1658750,2023,High,True,False
HDBFinancialServices,HDB Financial Services,Email addresses,1658750,2023,High,True,False
HDBFinancialServices,HDB Financial Services,Genders,1658750,2023,High,True,False
HDBFinancialServices,HDB Financial Services,Geographic locations,1658750,2023,High,True,False
HDBFinancialServices,HDB Financial Services,Loan information,1658750,2023,High,True,False
HDBFinancialServices,HDB Financial Services,Names,1658750,2023,High,True,False
HDBFinancialServices,HDB Financial Services,Phone numbers,1658750,2023,High,True,False
HealthNowNetworks,Health Now Networks,Dates of birth,321920,2017,Medium,True,False
HealthNowNetworks,Health Now Networks,Email addresses,321920,2017,Medium,True,False
HealthNowNetworks,Health Now Networks,Genders,321920,2017,Medium,True,False
HealthNowNetworks,Health Now Networks,Health insurance information,321920,2017,Medium,True,False
HealthNowNetworks,Health Now Networks,IP addresses,321920,2017,Medium,True,False
HealthNowNetworks,Health Now Networks,Names,321920,2017,Medium,True,False
HealthNowNetworks,Health Now Networks,Personal health data,321920,2017,Medium,True,False
HealthNowNetworks,Health Now Networks,Phone numbers,321920,2017,Medium,True,False
HealthNowNetworks,Health Now Networks,Physical addresses,321920,2017,Medium,True,False
HealthNowNetworks,Health Now Networks,Security questions and answers,321920,2017,Medium,True,False
HealthNowNetworks,Health Now Networks,Social connections,321920,2017,Medium,True,False
Hemmakvall,Hemmakväll,Email addresses,47297,2015,Low,True,False
Hemmakvall,Hemmakväll,Names,47297,2015,Low,True,False
Hemmakvall,Hemmakväll,Passwords,47297,2015,Low,True,False
Hemmakvall,Hemmakväll,Phone numbers,47297,2015,Low,True,False
Hemmakvall,Hemmakväll,Physical addresses,47297,2015,Low,True,False
Hemmelig,hemmelig.com,Email addresses,28641,2011,Low,True,True
Hemmelig,hemmelig.com,Genders,28641,2011,Low,True,True
Hemmelig,hemmelig.com,Nicknames,28641,2011,Low,True,True
Hemmelig,hemmelig.com,Partial dates of birth,28641,2011,Low,True,True
Hemmelig,hemmelig.com,Passwords,28641,2011,Low,True,True
Hemmelig,hemmelig.com,Usernames,28641,2011,Low,True,True
HeroesOfGaia,Heroes of Gaia,Browser user agent details,179967,2013,Medium,True,False
HeroesOfGaia,Heroes of Gaia,Email addresses,179967,2013,Medium,True,False
HeroesOfGaia,Heroes of Gaia,IP addresses,179967,2013,Medium,True,False
HeroesOfGaia,Heroes of Gaia,Usernames,179967,2013,Medium,True,False
HeroesOfGaia,Heroes of Gaia,Website activity,179967,2013,Medium,True,False
HeroesOfNewerth,Heroes of Newerth,Email addresses,8089103,2012,High,True,False
HeroesOfNewerth,Heroes of Newerth,Passwords,8089103,2012,High,True,False
HeroesOfNewerth,Heroes of Newerth,Usernames,8089103,2012,High,True,False
HIAPK,HiAPK,Email addresses,13873674,2014,Critical,False,False
HIAPK,HiAPK,Passwords,13873674,2014,Critical,False,False
HIAPK,HiAPK,Usernames,13873674,2014,Critical,False,False
Hjedd,Hjedd,Email addresses,13204029,2022,Critical,True,True
Hjedd,Hjedd,IP addresses,13204029,2022,Critical,True,True
Hjedd,Hjedd,Passwords,13204029,2022,Critical,True,True
Hjedd,Hjedd,Usernames,13204029,2022,Critical,True,True
HLTV,HLTV,Email addresses,611070,2016,Medium,True,False
HLTV,HLTV,Names,611070,2016,Medium,True,False
HLTV,HLTV,Passwords,611070,2016,Medium,True,False
HLTV,HLTV,Usernames,611070,2016,Medium,True,False
HLTV,HLTV,Website activity,611070,2016,Medium,True,False
HomeChef,Home Chef,Email addresses,8815692,2020,High,True,False
HomeChef,Home Chef,Geographic locations,8815692,2020,High,True,False
HomeChef,Home Chef,IP addresses,8815692,2020,High,True,False
HomeChef,Home Chef,Names,8815692,2020,High,True,False
HomeChef,Home Chef,Partial credit card data,8815692,2020,High,True,False
HomeChef,Home Chef,Passwords,8815692,2020,High,True,False
HomeChef,Home Chef,Phone numbers,8815692,2020,High,True,False
HongFire,HongFire,Dates of birth,999991,2015,Medium,True,True
HongFire,HongFire,Email addresses,999991,2015,Medium,True,True
HongFire,HongFire,IP addresses,999991,2015,Medium,True,True
HongFire,HongFire,Passwords,999991,2015,Medium,True,True
HongFire,HongFire,Usernames,999991,2015,Medium,True,True
HookersNL,Hookers.nl,Email addresses,290955,2019,Medium,True,True
HookersNL,Hookers.nl,IP addresses,290955,2019,Medium,True,True
HookersNL,Hookers.nl,Passwords,290955,2019,Medium,True,True
HookersNL,Hookers.nl,Usernames,290955,2019,Medium,True,True
HorseIsle,Horse Isle,Email addresses,27786,2020,Low,True,False
HorseIsle,Horse Isle,Genders,27786,2020,Low,True,False
HorseIsle,Horse Isle,IP addresses,27786,2020,Low,True,False
HorseIsle,Horse Isle,Names,27786,2020,Low,True,False
HorseIsle,Horse Isle,Passwords,27786,2020,Low,True,False
HorseIsle,Horse Isle,Purchases,27786,2020,Low,True,False
HorseIsle,Horse Isle,Usernames,27786,2020,Low,True,False
HoundDawgs,HoundDawgs,Email addresses,45701,2017,Low,True,False
HoundDawgs,HoundDawgs,IP addresses,45701,2017,Low,True,False
HoundDawgs,HoundDawgs,Passwords,45701,2017,Low,True,False
HoundDawgs,HoundDawgs,Website activity,45701,2017,Low,True,False
Houzz,Houzz,Email addresses,48881308,2018,Critical,True,False
Houzz,Houzz,Geographic locations,48881308,2018,Critical,True,False
Houzz,Houzz,IP addresses,48881308,2018,Critical,True,False
Houzz,Houzz,Names,48881308,2018,Critical,True,False
Houzz,Houzz,Passwords,48881308,2018,Critical,True,False
Houzz,Houzz,Social media profiles,48881308,2018,Critical,True,False
Houzz,Houzz,Usernames,48881308,2018,Critical,True,False
HTCMania,HTC Mania,Dates of birth,1488089,2020,High,True,False
HTCMania,HTC Mania,Email addresses,1488089,2020,High,True,False
HTCMania,HTC Mania,Historical passwords,1488089,2020,High,True,False
HTCMania,HTC Mania,IP addresses,1488089,2020,High,True,False
HTCMania,HTC Mania,Passwords,1488089,2020,High,True,False
HTCMania,HTC Mania,Usernames,1488089,2020,High,True,False
HTHStudios,HTH Studios,Browser user agent details,411755,2018,Medium,True,True
HTHStudios,HTH Studios,Dates of birth,411755,2018,Medium,True,True
HTHStudios,HTH Studios,Email addresses,411755,2018,Medium,True,True
HTHStudios,HTH Studios,IP addresses,411755,2018,Medium,True,True
HTHStudios,HTH Studios,Names,411755,2018,Medium,True,True
HTHStudios,HTH Studios,Phone numbers,411755,2018,Medium,True,True
HTHStudios,HTH Studios,Physical addresses,411755,2018,Medium,True,True
HTHStudios,HTH Studios,Purchases,411755,2018,Medium,True,True
HTHStudios,HTH Studios,Usernames,411755,2018,Medium,True,True
Hub4Tech,Hub4Tech,Email addresses,36916,2017,Low,True,False
Hub4Tech,Hub4Tech,Passwords,36916,2017,Low,True,False
Hurb,Hurb,Dates of birth,20727771,2019,Critical,True,False
Hurb,Hurb,Email addresses,20727771,2019,Critical,True,False
Hurb,Hurb,IP addresses,20727771,2019,Critical,True,False
Hurb,Hurb,Names,20727771,2019,Critical,True,False
Hurb,Hurb,Passwords,20727771,2019,Critical,True,False
Hurb,Hurb,Phone numbers,20727771,2019,Critical,True,False
Hurb,Hurb,Social media profiles,20727771,2019,Critical,True,False
iDTech,iD Tech,Dates of birth,415121,2023,Medium,True,False
iDTech,iD Tech,Email addresses,415121,2023,Medium,True,False
iDTech,iD Tech,Names,415121,2023,Medium,True,False
iDTech,iD Tech,Passwords,415121,2023,Medium,True,False
IDCGames,IDC Games,Email addresses,3966871,2021,High,True,False
IDCGames,IDC Games,Passwords,3966871,2021,High,True,False
IDCGames,IDC Games,Usernames,3966871,2021,High,True,False
iDressup,i-Dressup,Email addresses,2191565,2016,High,True,False
iDressup,i-Dressup,Passwords,2191565,2016,High,True,False
IIMJobs,IIMJobs,Dates of birth,4216063,2018,High,True,False
IIMJobs,IIMJobs,Email addresses,4216063,2018,High,True,False
IIMJobs,IIMJobs,Geographic locations,4216063,2018,High,True,False
IIMJobs,IIMJobs,IP addresses,4216063,2018,High,True,False
IIMJobs,IIMJobs,Job applications,4216063,2018,High,True,False
IIMJobs,IIMJobs,Job titles,4216063,2018,High,True,False
IIMJobs,IIMJobs,Names,4216063,2018,High,True,False
IIMJobs,IIMJobs,Passwords,4216063,2018,High,True,False
IIMJobs,IIMJobs,Phone numbers,4216063,2018,High,True,False
ILikeCheats,ILikeCheats,Email addresses,188847,2014,Medium,True,False
ILikeCheats,ILikeCheats,IP addresses,188847,2014,Medium,True,False
ILikeCheats,ILikeCheats,Passwords,188847,2014,Medium,True,False
ILikeCheats,ILikeCheats,Usernames,188847,2014,Medium,True,False
Imavex,Imavex,Email addresses,878209,2021,Medium,True,False
Imavex,Imavex,Genders,878209,2021,Medium,True,False
Imavex,Imavex,Names,878209,2021,Medium,True,False
Imavex,Imavex,Partial credit card data,878209,2021,Medium,True,False
Imavex,Imavex,Passwords,878209,2021,Medium,True,False
Imavex,Imavex,Phone numbers,878209,2021,Medium,True,False
Imavex,Imavex,Physical addresses,878209,2021,Medium,True,False
Imavex,Imavex,Purchases,878209,2021,Medium,True,False
Imavex,Imavex,Usernames,878209,2021,Medium,True,False
iMenu360,iMenu360,Email addresses,3425860,2022,High,True,False
iMenu360,iMenu360,Names,3425860,2022,High,True,False
iMenu360,iMenu360,Phone numbers,3425860,2022,High,True,False
iMenu360,iMenu360,Physical addresses,3425860,2022,High,True,False
iMesh,iMesh,Email addresses,49467477,2013,Critical,True,False
iMesh,iMesh,IP addresses,49467477,2013,Critical,True,False
iMesh,iMesh,Passwords,49467477,2013,Critical,True,False
iMesh,iMesh,Usernames,49467477,2013,Critical,True,False
imgur,imgur,Email addresses,1749806,2013,High,True,False
imgur,imgur,Passwords,1749806,2013,High,True,False
IndiaMART,IndiaMART,Email addresses,20154583,2021,Critical,True,False
IndiaMART,IndiaMART,Names,20154583,2021,Critical,True,False
IndiaMART,IndiaMART,Phone numbers,20154583,2021,Critical,True,False
IndiaMART,IndiaMART,Physical addresses,20154583,2021,Critical,True,False
IndianRailways,Indian Railways,Email addresses,583377,2019,Medium,True,False
IndianRailways,Indian Railways,Passwords,583377,2019,Medium,True,False
IndianRailways,Indian Railways,Usernames,583377,2019,Medium,True,False
IndiHome,IndiHome,Device information,12629245,2019,Critical,True,False
IndiHome,IndiHome,Email addresses,12629245,2019,Critical,True,False
IndiHome,IndiHome,Genders,12629245,2019,Critical,True,False
IndiHome,IndiHome,Geographic locations,12629245,2019,Critical,True,False
IndiHome,IndiHome,IP addresses,12629245,2019,Critical,True,False
IndiHome,IndiHome,Names,12629245,2019,Critical,True,False
InflateVids,InflateVids,Email addresses,13405,2023,Low,True,True
InflateVids,InflateVids,Genders,13405,2023,Low,True,True
InflateVids,InflateVids,IP addresses,13405,2023,Low,True,True
InflateVids,InflateVids,Passwords,13405,2023,Low,True,True
InflateVids,InflateVids,Usernames,13405,2023,Low,True,True
Insanelyi,Insanelyi,Email addresses,104097,2014,Medium,True,False
Insanelyi,Insanelyi,Passwords,104097,2014,Medium,True,False
Insanelyi,Insanelyi,Usernames,104097,2014,Medium,True,False
Insanelyi,Insanelyi,Website activity,104097,2014,Medium,True,False
InstantCheckmate,Instant Checkmate,Email addresses,11943887,2019,Critical,True,False
InstantCheckmate,Instant Checkmate,Names,11943887,2019,Critical,True,False
InstantCheckmate,Instant Checkmate,Passwords,11943887,2019,Critical,True,False
InstantCheckmate,Instant Checkmate,Phone numbers,11943887,2019,Critical,True,False
Intelimost,Intelimost,Email addresses,3073409,2019,High,True,False
Intelimost,Intelimost,Passwords,3073409,2019,High,True,False
Interpals,InterPals,Dates of birth,3439414,2015,High,True,False
Interpals,InterPals,Email addresses,3439414,2015,High,True,False
Interpals,InterPals,Geographic locations,3439414,2015,High,True,False
Interpals,InterPals,Names,3439414,2015,High,True,False
Interpals,InterPals,Passwords,3439414,2015,High,True,False
Interpals,InterPals,Usernames,3439414,2015,High,True,False
iPmart,iPmart,Dates of birth,2460787,2015,High,True,False
iPmart,iPmart,Email addresses,2460787,2015,High,True,False
iPmart,iPmart,Passwords,2460787,2015,High,True,False
iPmart,iPmart,Usernames,2460787,2015,High,True,False
ixigo,ixigo,Auth tokens,17204697,2019,Critical,True,False
ixigo,ixigo,Device information,17204697,2019,Critical,True,False
ixigo,ixigo,Email addresses,17204697,2019,Critical,True,False
ixigo,ixigo,Genders,17204697,2019,Critical,True,False
ixigo,ixigo,Names,17204697,2019,Critical,True,False
ixigo,ixigo,Passwords,17204697,2019,Critical,True,False
ixigo,ixigo,Phone numbers,17204697,2019,Critical,True,False
ixigo,ixigo,Salutations,17204697,2019,Critical,True,False
ixigo,ixigo,Social media profiles,17204697,2019,Critical,True,False
ixigo,ixigo,Usernames,17204697,2019,Critical,True,False
JamTangan,Jam Tangan,Email addresses,434784,2021,Medium,True,False
JamTangan,Jam Tangan,IP addresses,434784,2021,Medium,True,False
JamTangan,Jam Tangan,Names,434784,2021,Medium,True,False
JamTangan,Jam Tangan,Passwords,434784,2021,Medium,True,False
JamTangan,Jam Tangan,Phone numbers,434784,2021,Medium,True,False
JamTangan,Jam Tangan,Physical addresses,434784,2021,Medium,True,False
James,James,Email addresses,1541284,2020,High,True,False
James,James,Geographic locations,1541284,2020,High,True,False
James,James,Passwords,1541284,2020,High,True,False
JD,JD,Email addresses,77449341,2013,Critical,True,False
JD,JD,Passwords,77449341,2013,Critical,True,False
JD,JD,Phone numbers,77449341,2013,Critical,True,False
JD,JD,Usernames,77449341,2013,Critical,True,False
JDGroup,JD Group,Email addresses,521878,2023,Medium,True,False
JDGroup,JD Group,Government issued IDs,521878,2023,Medium,True,False
JDGroup,JD Group,Names,521878,2023,Medium,True,False
JDGroup,JD Group,Phone numbers,521878,2023,Medium,True,False
JDGroup,JD Group,Physical addresses,521878,2023,Medium,True,False
Jefit,Jefit,Email addresses,9052457,2020,High,True,False
Jefit,Jefit,IP addresses,9052457,2020,High,True,False
Jefit,Jefit,Passwords,9052457,2020,High,True,False
Jefit,Jefit,Usernames,9052457,2020,High,True,False
JobAndTalent,Jobandtalent,Email addresses,10981207,2018,Critical,True,False
JobAndTalent,Jobandtalent,IP addresses,10981207,2018,Critical,True,False
JobAndTalent,Jobandtalent,Names,10981207,2018,Critical,True,False
JobAndTalent,Jobandtalent,Passwords,10981207,2018,Critical,True,False
JobStreet,JobStreet,Dates of birth,3883455,2012,High,True,False
JobStreet,JobStreet,Email addresses,3883455,2012,High,True,False
JobStreet,JobStreet,Genders,3883455,2012,High,True,False
JobStreet,JobStreet,Geographic locations,3883455,2012,High,True,False
JobStreet,JobStreet,Government issued IDs,3883455,2012,High,True,False
JobStreet,JobStreet,Marital statuses,3883455,2012,High,True,False
JobStreet,JobStreet,Names,3883455,2012,High,True,False
JobStreet,JobStreet,Nationalities,3883455,2012,High,True,False
JobStreet,JobStreet,Passwords,3883455,2012,High,True,False
JobStreet,JobStreet,Phone numbers,3883455,2012,High,True,False
JobStreet,JobStreet,Physical addresses,3883455,2012,High,True,False
JobStreet,JobStreet,Usernames,3883455,2012,High,True,False
Jobzone,Jobzone,Dates of birth,29708,2023,Low,True,False
Jobzone,Jobzone,Email addresses,29708,2023,Low,True,False
Jobzone,Jobzone,Family members' names,29708,2023,Low,True,False
Jobzone,Jobzone,Genders,29708,2023,Low,True,False
Jobzone,Jobzone,Government issued IDs,29708,2023,Low,True,False
Jobzone,Jobzone,Names,29708,2023,Low,True,False
Jobzone,Jobzone,Phone numbers,29708,2023,Low,True,False
Jobzone,Jobzone,Physical addresses,29708,2023,Low,True,False
JoomlArt,JoomlArt,Email addresses,22477,2018,Low,True,False
JoomlArt,JoomlArt,Names,22477,2018,Low,True,False
JoomlArt,JoomlArt,Passwords,22477,2018,Low,True,False
JoomlArt,JoomlArt,Payment histories,22477,2018,Low,True,False
JoomlArt,JoomlArt,Usernames,22477,2018,Low,True,False
JoyGames,JoyGames,Email addresses,4461787,2019,High,True,False
JoyGames,JoyGames,IP addresses,4461787,2019,High,True,False
JoyGames,JoyGames,Passwords,4461787,2019,High,True,False
JoyGames,JoyGames,Usernames,4461787,2019,High,True,False
JukinMedia,JukinMedia,Email addresses,314290,2021,Medium,True,False
JukinMedia,JukinMedia,Employers,314290,2021,Medium,True,False
JukinMedia,JukinMedia,IP addresses,314290,2021,Medium,True,False
JukinMedia,JukinMedia,Names,314290,2021,Medium,True,False
JukinMedia,JukinMedia,Occupations,314290,2021,Medium,True,False
JukinMedia,JukinMedia,Passwords,314290,2021,Medium,True,False
JukinMedia,JukinMedia,Phone numbers,314290,2021,Medium,True,False
JustDate,Justdate.com,Dates of birth,24451312,2016,Critical,False,True
JustDate,Justdate.com,Email addresses,24451312,2016,Critical,False,True
JustDate,Justdate.com,Geographic locations,24451312,2016,Critical,False,True
JustDate,Justdate.com,Names,24451312,2016,Critical,False,True
Kaneva,Kaneva,Dates of birth,3901179,2016,High,True,False
Kaneva,Kaneva,Email addresses,3901179,2016,High,True,False
Kaneva,Kaneva,Passwords,3901179,2016,High,True,False
Kaneva,Kaneva,Usernames,3901179,2016,High,True,False
KasperskyClub,Kaspersky Club,Email addresses,55971,2024,Low,True,False
KasperskyClub,Kaspersky Club,IP addresses,55971,2024,Low,True,False
KasperskyClub,Kaspersky Club,Passwords,55971,2024,Low,True,False
KasperskyClub,Kaspersky Club,Usernames,55971,2024,Low,True,False
KayoMoe,Kayo.moe Credential Stuffing List,Email addresses,41826763,2018,Critical,False,False
KayoMoe,Kayo.moe Credential Stuffing List,Passwords,41826763,2018,Critical,False,False
Kickstarter,Kickstarter,Email addresses,5176463,2014,High,True,False
Kickstarter,Kickstarter,Passwords,5176463,2014,High,True,False
Kimsufi,Kimsufi,Email addresses,504565,2015,Medium,True,False
Kimsufi,Kimsufi,IP addresses,504565,2015,Medium,True,False
Kimsufi,Kimsufi,Passwords,504565,2015,Medium,True,False
Kimsufi,Kimsufi,Usernames,504565,2015,Medium,True,False
KitchenPal,KitchenPal,Dates of birth,98726,2023,Low,True,False
KitchenPal,KitchenPal,Email addresses,98726,2023,Low,True,False
KitchenPal,KitchenPal,Genders,98726,2023,Low,True,False
KitchenPal,KitchenPal,Geographic locations,98726,2023,Low,True,False
KitchenPal,KitchenPal,Names,98726,2023,Low,True,False
KitchenPal,KitchenPal,Passwords,98726,2023,Low,True,False
KitchenPal,KitchenPal,Physical attributes,98726,2023,Low,True,False
KitchenPal,KitchenPal,Social media profiles,98726,2023,Low,True,False
KiwiFarms,KiwiFarms,Avatars,4606,2019,Low,True,False
KiwiFarms,KiwiFarms,Dates of birth,4606,2019,Low,True,False
KiwiFarms,KiwiFarms,Email addresses,4606,2019,Low,True,False
KiwiFarms,KiwiFarms,IP addresses,4606,2019,Low,True,False
KiwiFarms,KiwiFarms,Website activity,4606,2019,Low,True,False
KMRU,KM.RU,Dates of birth,1476783,2016,High,True,False
KMRU,KM.RU,Email addresses,1476783,2016,High,True,False
KMRU,KM.RU,Genders,1476783,2016,High,True,False
KMRU,KM.RU,Geographic locations,1476783,2016,High,True,False
KMRU,KM.RU,Recovery email addresses,1476783,2016,High,True,False
KMRU,KM.RU,Security questions and answers,1476783,2016,High,True,False
KMRU,KM.RU,Usernames,1476783,2016,High,True,False
KnownCircle,KnownCircle,Email addresses,1957600,2016,High,True,False
KnownCircle,KnownCircle,Email messages,1957600,2016,High,True,False
KnownCircle,KnownCircle,Genders,1957600,2016,High,True,False
KnownCircle,KnownCircle,Names,1957600,2016,High,True,False
KnownCircle,KnownCircle,Passwords,1957600,2016,High,True,False
KnownCircle,KnownCircle,Phone numbers,1957600,2016,High,True,False
KnownCircle,KnownCircle,Physical addresses,1957600,2016,High,True,False
Knuddels,Knuddels,Email addresses,808330,2018,Medium,True,False
Knuddels,Knuddels,Geographic locations,808330,2018,Medium,True,False
Knuddels,Knuddels,Names,808330,2018,Medium,True,False
Knuddels,Knuddels,Passwords,808330,2018,Medium,True,False
Knuddels,Knuddels,Usernames,808330,2018,Medium,True,False
KomplettFritid,KomplettFritid,Email addresses,139401,2021,Medium,True,False
KomplettFritid,KomplettFritid,IP addresses,139401,2021,Medium,True,False
KomplettFritid,KomplettFritid,Names,139401,2021,Medium,True,False
KomplettFritid,KomplettFritid,Passwords,139401,2021,Medium,True,False
KomplettFritid,KomplettFritid,Phone numbers,139401,2021,Medium,True,False
KomplettFritid,KomplettFritid,Physical addresses,139401,2021,Medium,True,False
Kreditplus,Kreditplus,Dates of birth,768890,2020,Medium,True,False
Kreditplus,Kreditplus,Email addresses,768890,2020,Medium,True,False
Kreditplus,Kreditplus,Employers,768890,2020,Medium,True,False
Kreditplus,Kreditplus,Family structure,768890,2020,Medium,True,False
Kreditplus,Kreditplus,Genders,768890,2020,Medium,True,False
Kreditplus,Kreditplus,Income levels,768890,2020,Medium,True,False
Kreditplus,Kreditplus,Living costs,768890,2020,Medium,True,False
Kreditplus,Kreditplus,Marital statuses,768890,2020,Medium,True,False
Kreditplus,Kreditplus,Mothers maiden names,768890,2020,Medium,True,False
Kreditplus,Kreditplus,Names,768890,2020,Medium,True,False
Kreditplus,Kreditplus,Phone numbers,768890,2020,Medium,True,False
Kreditplus,Kreditplus,Physical addresses,768890,2020,Medium,True,False
Kreditplus,Kreditplus,Places of birth,768890,2020,Medium,True,False
Kreditplus,Kreditplus,Religions,768890,2020,Medium,True,False
Kreditplus,Kreditplus,Spouses names,768890,2020,Medium,True,False
LaPosteMobile,La Poste Mobile,Bank account numbers,533886,2022,Medium,True,False
LaPosteMobile,La Poste Mobile,Dates of birth,533886,2022,Medium,True,False
LaPosteMobile,La Poste Mobile,Email addresses,533886,2022,Medium,True,False
LaPosteMobile,La Poste Mobile,Genders,533886,2022,Medium,True,False
LaPosteMobile,La Poste Mobile,Names,533886,2022,Medium,True,False
LaPosteMobile,La Poste Mobile,Phone numbers,533886,2022,Medium,True,False
LaPosteMobile,La Poste Mobile,Physical addresses,533886,2022,Medium,True,False
Lanwar,Lanwar,Email addresses,45120,2018,Low,True,False
Lanwar,Lanwar,Names,45120,2018,Low,True,False
Lanwar,Lanwar,Passwords,45120,2018,Low,True,False
Lanwar,Lanwar,Physical addresses,45120,2018,Low,True,False
Lanwar,Lanwar,Usernames,45120,2018,Low,True,False
Lastfm,Last.fm,Email addresses,37217682,2012,Critical,True,False
Lastfm,Last.fm,Passwords,37217682,2012,Critical,True,False
Lastfm,Last.fm,Usernames,37217682,2012,Critical,True,False
Lastfm,Last.fm,Website activity,37217682,2012,Critical,True,False
Lazada,Lazada RedMart,Email addresses,1107789,2020,High,True,False
Lazada,Lazada RedMart,Names,1107789,2020,High,True,False
Lazada,Lazada RedMart,Partial credit card data,1107789,2020,High,True,False
Lazada,Lazada RedMart,Passwords,1107789,2020,High,True,False
Lazada,Lazada RedMart,Phone numbers,1107789,2020,High,True,False
Lazada,Lazada RedMart,Physical addresses,1107789,2020,High,True,False
LBB,LBB,Browser user agent details,39288,2019,Low,True,False
LBB,LBB,Email addresses,39288,2019,Low,True,False
LBB,LBB,IP addresses,39288,2019,Low,True,False
LBB,LBB,Names,39288,2019,Low,True,False
LBB,LBB,Physical addresses,39288,2019,Low,True,False
LeSlipFrancais,Le Slip Français,Email addresses,1495127,2024,High,True,False
LeSlipFrancais,Le Slip Français,Names,1495127,2024,High,True,False
LeSlipFrancais,Le Slip Français,Phone numbers,1495127,2024,High,True,False
LeSlipFrancais,Le Slip Français,Physical addresses,1495127,2024,High,True,False
LeadHunter,Lead Hunter,Email addresses,68693853,2020,Critical,True,False
LeadHunter,Lead Hunter,Genders,68693853,2020,Critical,True,False
LeadHunter,Lead Hunter,IP addresses,68693853,2020,Critical,True,False
LeadHunter,Lead Hunter,Names,68693853,2020,Critical,True,False
LeadHunter,Lead Hunter,Phone numbers,68693853,2020,Critical,True,False
LeadHunter,Lead Hunter,Physical addresses,68693853,2020,Critical,True,False
LeagueOfLegends,League of Legends,Email addresses,339487,2012,Medium,True,False
LeagueOfLegends,League of Legends,Passwords,339487,2012,Medium,True,False
LeagueOfLegends,League of Legends,Usernames,339487,2012,Medium,True,False
LeakedReality,Leaked Reality,Email addresses,114907,2022,Medium,True,False
LeakedReality,Leaked Reality,IP addresses,114907,2022,Medium,True,False
LeakedReality,Leaked Reality,Passwords,114907,2022,Medium,True,False
LeakedReality,Leaked Reality,Usernames,114907,2022,Medium,True,False
Ledger,Ledger,Email addresses,1075241,2020,High,True,False
Ledger,Ledger,Names,1075241,2020,High,True,False
Ledger,Ledger,Phone numbers,1075241,2020,High,True,False
Ledger,Ledger,Physical addresses,1075241,2020,High,True,False
Leet,Leet,Email addresses,5081689,2016,High,True,False
Leet,Leet,IP addresses,5081689,2016,High,True,False
Leet,Leet,Passwords,5081689,2016,High,True,False
Leet,Leet,Usernames,5081689,2016,High,True,False
Leet,Leet,Website activity,5081689,2016,High,True,False
LegendasTV,Legendas.TV,Email addresses,3869181,2017,High,True,False
LegendasTV,Legendas.TV,IP addresses,3869181,2017,High,True,False
LegendasTV,Legendas.TV,Names,3869181,2017,High,True,False
LegendasTV,Legendas.TV,Passwords,3869181,2017,High,True,False
LegendasTV,Legendas.TV,Usernames,3869181,2017,High,True,False
Lifebear,Lifebear,Email addresses,3670561,2019,High,True,False
Lifebear,Lifebear,Passwords,3670561,2019,High,True,False
Lifebear,Lifebear,Usernames,3670561,2019,High,True,False
Lifeboat,Lifeboat,Email addresses,7089395,2016,High,True,False
Lifeboat,Lifeboat,Passwords,7089395,2016,High,True,False
Lifeboat,Lifeboat,Usernames,7089395,2016,High,True,False
LightsHope,Light's Hope,Dates of birth,30484,2018,Low,True,False
LightsHope,Light's Hope,Email addresses,30484,2018,Low,True,False
LightsHope,Light's Hope,Geographic locations,30484,2018,Low,True,False
LightsHope,Light's Hope,IP addresses,30484,2018,Low,True,False
LightsHope,Light's Hope,Passwords,30484,2018,Low,True,False
LightsHope,Light's Hope,Private messages,30484,2018,Low,True,False
LightsHope,Light's Hope,Usernames,30484,2018,Low,True,False
Liker,Liker,Auth tokens,465141,2021,Medium,True,False
Liker,Liker,Dates of birth,465141,2021,Medium,True,False
Liker,Liker,Education levels,465141,2021,Medium,True,False
Liker,Liker,Email addresses,465141,2021,Medium,True,False
Liker,Liker,Geographic locations,465141,2021,Medium,True,False
Liker,Liker,IP addresses,465141,2021,Medium,True,False
Liker,Liker,Names,465141,2021,Medium,True,False
Liker,Liker,Passwords,465141,2021,Medium,True,False
Liker,Liker,Phone numbers,465141,2021,Medium,True,False
Liker,Liker,Private messages,465141,2021,Medium,True,False
Liker,Liker,Security questions and answers,465141,2021,Medium,True,False
Liker,Liker,Social media profiles,465141,2021,Medium,True,False
Liker,Liker,Usernames,465141,2021,Medium,True,False
LimeVPN,LimeVPN,Email addresses,23348,2020,Low,True,False
LimeVPN,LimeVPN,IP addresses,23348,2020,Low,True,False
LimeVPN,LimeVPN,Names,23348,2020,Low,True,False
LimeVPN,LimeVPN,Passwords,23348,2020,Low,True,False
LimeVPN,LimeVPN,Phone numbers,23348,2020,Low,True,False
LimeVPN,LimeVPN,Physical addresses,23348,2020,Low,True,False
LimeVPN,LimeVPN,Purchases,23348,2020,Low,True,False
LinkedIn,LinkedIn,Email addresses,164611595,2012,Critical,True,False
LinkedIn,LinkedIn,Passwords,164611595,2012,Critical,True,False
LinkedInScrape2023,LinkedIn Scraped and Faked Data (2023),Email addresses,19788753,2023,Critical,True,False
LinkedInScrape2023,LinkedIn Scraped and Faked Data (2023),Genders,19788753,2023,Critical,True,False
LinkedInScrape2023,LinkedIn Scraped and Faked Data (2023),Geographic locations,19788753,2023,Critical,True,False
LinkedInScrape2023,LinkedIn Scraped and Faked Data (2023),Job titles,19788753,2023,Critical,True,False
LinkedInScrape2023,LinkedIn Scraped and Faked Data (2023),Names,19788753,2023,Critical,True,False
LinkedInScrape2023,LinkedIn Scraped and Faked Data (2023),Professional skills,19788753,2023,Critical,True,False
LinkedInScrape2023,LinkedIn Scraped and Faked Data (2023),Social media profiles,19788753,2023,Critical,True,False
LinkedInScrape,LinkedIn Scraped Data (2021),Education levels,125698496,2021,Critical,True,False
LinkedInScrape,LinkedIn Scraped Data (2021),Email addresses,125698496,2021,Critical,True,False
LinkedInScrape,LinkedIn Scraped Data (2021),Genders,125698496,2021,Critical,True,False
LinkedInScrape,LinkedIn Scraped Data (2021),Geographic locations,125698496,2021,Critical,True,False
LinkedInScrape,LinkedIn Scraped Data (2021),Job titles,125698496,2021,Critical,True,False
LinkedInScrape,LinkedIn Scraped Data (2021),Names,125698496,2021,Critical,True,False
LinkedInScrape,LinkedIn Scraped Data (2021),Social media profiles,125698496,2021,Critical,True,False
LinuxForums,Linux Forums,Email addresses,275785,2018,Medium,True,False
LinuxForums,Linux Forums,IP addresses,275785,2018,Medium,True,False
LinuxForums,Linux Forums,Passwords,275785,2018,Medium,True,False
LinuxForums,Linux Forums,Usernames,275785,2018,Medium,True,False
LinuxMint,Linux Mint,Avatars,144989,2016,Medium,True,False
LinuxMint,Linux Mint,Dates of birth,144989,2016,Medium,True,False
LinuxMint,Linux Mint,Email addresses,144989,2016,Medium,True,False
LinuxMint,Linux Mint,Geographic locations,144989,2016,Medium,True,False
LinuxMint,Linux Mint,IP addresses,144989,2016,Medium,True,False
LinuxMint,Linux Mint,Passwords,144989,2016,Medium,True,False
LinuxMint,Linux Mint,Time zones,144989,2016,Medium,True,False
LinuxMint,Linux Mint,Website activity,144989,2016,Medium,True,False
LittleMonsters,Little Monsters,Dates of birth,995698,2017,Medium,True,False
LittleMonsters,Little Monsters,Email addresses,995698,2017,Medium,True,False
LittleMonsters,Little Monsters,Passwords,995698,2017,Medium,True,False
LittleMonsters,Little Monsters,Usernames,995698,2017,Medium,True,False
LiveAuctioneers,LiveAuctioneers,Email addresses,3385862,2020,High,True,False
LiveAuctioneers,LiveAuctioneers,IP addresses,3385862,2020,High,True,False
LiveAuctioneers,LiveAuctioneers,Names,3385862,2020,High,True,False
LiveAuctioneers,LiveAuctioneers,Passwords,3385862,2020,High,True,False
LiveAuctioneers,LiveAuctioneers,Phone numbers,3385862,2020,High,True,False
LiveAuctioneers,LiveAuctioneers,Physical addresses,3385862,2020,High,True,False
LiveAuctioneers,LiveAuctioneers,Usernames,3385862,2020,High,True,False
LiveJournal,LiveJournal,Email addresses,26372781,2017,Critical,True,False
LiveJournal,LiveJournal,Passwords,26372781,2017,Critical,True,False
LiveJournal,LiveJournal,Usernames,26372781,2017,Critical,True,False
Livpure,Livpure,Email addresses,269552,2020,Medium,True,False
Livpure,Livpure,Names,269552,2020,Medium,True,False
Livpure,Livpure,Phone numbers,269552,2020,Medium,True,False
Livpure,Livpure,Physical addresses,269552,2020,Medium,True,False
Livpure,Livpure,Purchases,269552,2020,Medium,True,False
Livpure,Livpure,Salutations,269552,2020,Medium,True,False
LizardSquad,Lizard Squad,Email addresses,13451,2015,Low,True,False
LizardSquad,Lizard Squad,Passwords,13451,2015,Low,True,False
LizardSquad,Lizard Squad,Usernames,13451,2015,Low,True,False
Locally,Locally,Email addresses,362619,2022,Medium,True,False
Locally,Locally,Partial credit card data,362619,2022,Medium,True,False
Locally,Locally,Passwords,362619,2022,Medium,True,False
Locally,Locally,Phone numbers,362619,2022,Medium,True,False
Locally,Locally,Physical addresses,362619,2022,Medium,True,False
Locally,Locally,Purchases,362619,2022,Medium,True,False
Lolzteam,Lolzteam,Email addresses,398011,2018,Medium,True,False
Lolzteam,Lolzteam,Usernames,398011,2018,Medium,True,False
Lookbook,Lookbook,Dates of birth,1074948,2012,High,True,False
Lookbook,Lookbook,Email addresses,1074948,2012,High,True,False
Lookbook,Lookbook,IP addresses,1074948,2012,High,True,False
Lookbook,Lookbook,Names,1074948,2012,High,True,False
Lookbook,Lookbook,Passwords,1074948,2012,High,True,False
Lookbook,Lookbook,Usernames,1074948,2012,High,True,False
Lookbook,Lookbook,Website activity,1074948,2012,High,True,False
LOTR,Lord of the Rings Online,Dates of birth,1141278,2013,High,True,False
LOTR,Lord of the Rings Online,Email addresses,1141278,2013,High,True,False
LOTR,Lord of the Rings Online,IP addresses,1141278,2013,High,True,False
LOTR,Lord of the Rings Online,Passwords,1141278,2013,High,True,False
LOTR,Lord of the Rings Online,Usernames,1141278,2013,High,True,False
LOTR,Lord of the Rings Online,Website activity,1141278,2013,High,True,False
LoungeBoard,Lounge Board,Email addresses,45018,2013,Low,True,False
LoungeBoard,Lounge Board,IP addresses,45018,2013,Low,True,False
LoungeBoard,Lounge Board,Names,45018,2013,Low,True,False
LoungeBoard,Lounge Board,Passwords,45018,2013,Low,True,False
LoungeBoard,Lounge Board,Private messages,45018,2013,Low,True,False
LoungeBoard,Lounge Board,Usernames,45018,2013,Low,True,False
LoungeBoard,Lounge Board,Website activity,45018,2013,Low,True,False
LuminPDF,Lumin PDF,Auth tokens,15453048,2019,Critical,True,False
LuminPDF,Lumin PDF,Email addresses,15453048,2019,Critical,True,False
LuminPDF,Lumin PDF,Genders,15453048,2019,Critical,True,False
LuminPDF,Lumin PDF,Names,15453048,2019,Critical,True,False
LuminPDF,Lumin PDF,Passwords,15453048,2019,Critical,True,False
LuminPDF,Lumin PDF,Spoken languages,15453048,2019,Critical,True,False
LuminPDF,Lumin PDF,Usernames,15453048,2019,Critical,True,False
Luxottica,Luxottica,Dates of birth,77093812,2021,Critical,True,False
Luxottica,Luxottica,Email addresses,77093812,2021,Critical,True,False
Luxottica,Luxottica,Genders,77093812,2021,Critical,True,False
Luxottica,Luxottica,Names,77093812,2021,Critical,True,False
Luxottica,Luxottica,Phone numbers,77093812,2021,Critical,True,False
Luxottica,Luxottica,Physical addresses,77093812,2021,Critical,True,False
LyricsMania,Lyrics Mania,Email addresses,109202,2017,Medium,True,False
LyricsMania,Lyrics Mania,Passwords,109202,2017,Medium,True,False
LyricsMania,Lyrics Mania,Usernames,109202,2017,Medium,True,False
MacForums,Mac Forums,Dates of birth,326714,2016,Medium,True,False
MacForums,Mac Forums,Email addresses,326714,2016,Medium,True,False
MacForums,Mac Forums,IP addresses,326714,2016,Medium,True,False
MacForums,Mac Forums,Passwords,326714,2016,Medium,True,False
MacForums,Mac Forums,Usernames,326714,2016,Medium,True,False
MacGeneration,MacGeneration,Email addresses,101004,2022,Medium,True,False
MacGeneration,MacGeneration,Passwords,101004,2022,Medium,True,False
MacGeneration,MacGeneration,Usernames,101004,2022,Medium,True,False
Mac-Torrents,Mac-Torrents,Email addresses,93992,2015,Low,True,False
Mac-Torrents,Mac-Torrents,Passwords,93992,2015,Low,True,False
Mac-Torrents,Mac-Torrents,Usernames,93992,2015,Low,True,False
MagicDuel,MagicDuel,Email addresses,138443,2023,Medium,True,False
MagicDuel,MagicDuel,IP addresses,138443,2023,Medium,True,False
MagicDuel,MagicDuel,Nicknames,138443,2023,Medium,True,False
MagicDuel,MagicDuel,Passwords,138443,2023,Medium,True,False
MailRu,mail.ru Dump,Email addresses,16630988,2014,Critical,False,False
MailRu,mail.ru Dump,Passwords,16630988,2014,Critical,False,False
MajorGeeks,MajorGeeks,Email addresses,269548,2015,Medium,True,False
MajorGeeks,MajorGeeks,IP addresses,269548,2015,Medium,True,False
MajorGeeks,MajorGeeks,Passwords,269548,2015,Medium,True,False
MajorGeeks,MajorGeeks,Usernames,269548,2015,Medium,True,False
MalindoAir,MalindoAir,Dates of birth,4328232,2019,High,True,False
MalindoAir,MalindoAir,Email addresses,4328232,2019,High,True,False
MalindoAir,MalindoAir,Genders,4328232,2019,High,True,False
MalindoAir,MalindoAir,Loyalty program details,4328232,2019,High,True,False
MalindoAir,MalindoAir,Names,4328232,2019,High,True,False
MalindoAir,MalindoAir,Nationalities,4328232,2019,High,True,False
MalindoAir,MalindoAir,Passport numbers,4328232,2019,High,True,False
MalindoAir,MalindoAir,Phone numbers,4328232,2019,High,True,False
MalindoAir,MalindoAir,Physical addresses,4328232,2019,High,True,False
MalindoAir,MalindoAir,Salutations,4328232,2019,High,True,False
MallCZ,MALL.cz,Email addresses,735405,2017,Medium,True,False
MallCZ,MALL.cz,Names,735405,2017,Medium,True,False
MallCZ,MALL.cz,Passwords,735405,2017,Medium,True,False
MallCZ,MALL.cz,Phone numbers,735405,2017,Medium,True,False
Malwarebytes,Malwarebytes,Dates of birth,111623,2014,Medium,True,False
Malwarebytes,Malwarebytes,Email addresses,111623,2014,Medium,True,False
Malwarebytes,Malwarebytes,IP addresses,111623,2014,Medium,True,False
Malwarebytes,Malwarebytes,Passwords,111623,2014,Medium,True,False
Malwarebytes,Malwarebytes,Usernames,111623,2014,Medium,True,False
Malwarebytes,Malwarebytes,Website activity,111623,2014,Medium,True,False
MangaTraders,Manga Traders,Email addresses,855249,2014,Medium,True,False
MangaTraders,Manga Traders,Passwords,855249,2014,Medium,True,False
MangaDex,MangaDex,Email addresses,2987329,2021,High,True,False
MangaDex,MangaDex,IP addresses,2987329,2021,High,True,False
MangaDex,MangaDex,Passwords,2987329,2021,High,True,False
MangaDex,MangaDex,Usernames,2987329,2021,High,True,False
MangaFox,MangaFox.me,Dates of birth,1311610,2016,High,True,False
MangaFox,MangaFox.me,Email addresses,1311610,2016,High,True,False
MangaFox,MangaFox.me,IP addresses,1311610,2016,High,True,False
MangaFox,MangaFox.me,Passwords,1311610,2016,High,True,False
MangaFox,MangaFox.me,Usernames,1311610,2016,High,True,False
Mangatoon,Mangatoon,Auth tokens,23040238,2022,Critical,True,False
Mangatoon,Mangatoon,Avatars,23040238,2022,Critical,True,False
Mangatoon,Mangatoon,Email addresses,23040238,2022,Critical,True,False
Mangatoon,Mangatoon,Genders,23040238,2022,Critical,True,False
Mangatoon,Mangatoon,Names,23040238,2022,Critical,True,False
Mangatoon,Mangatoon,Passwords,23040238,2022,Critical,True,False
Mangatoon,Mangatoon,Social media profiles,23040238,2022,Critical,True,False
Mangatoon,Mangatoon,Usernames,23040238,2022,Critical,True,False
ManipulatedCaiman,Manipulated Caiman,Email addresses,39901389,2023,Critical,True,False
Mappery,Mappery,Email addresses,205242,2018,Medium,True,False
Mappery,Mappery,Geographic locations,205242,2018,Medium,True,False
Mappery,Mappery,Passwords,205242,2018,Medium,True,False
Mappery,Mappery,Usernames,205242,2018,Medium,True,False
Mashable,Mashable,Auth tokens,1414677,2020,High,True,False
Mashable,Mashable,Email addresses,1414677,2020,High,True,False
Mashable,Mashable,Genders,1414677,2020,High,True,False
Mashable,Mashable,Geographic locations,1414677,2020,High,True,False
Mashable,Mashable,IP addresses,1414677,2020,High,True,False
Mashable,Mashable,Names,1414677,2020,High,True,False
Mashable,Mashable,Partial dates of birth,1414677,2020,High,True,False
Mashable,Mashable,Social media profiles,1414677,2020,High,True,False
MasterDeeds,Master Deeds,Dates of birth,2257930,2017,High,True,False
MasterDeeds,Master Deeds,Deceased statuses,2257930,2017,High,True,False
MasterDeeds,Master Deeds,Email addresses,2257930,2017,High,True,False
MasterDeeds,Master Deeds,Employers,2257930,2017,High,True,False
MasterDeeds,Master Deeds,Ethnicities,2257930,2017,High,True,False
MasterDeeds,Master Deeds,Genders,2257930,2017,High,True,False
MasterDeeds,Master Deeds,Government issued IDs,2257930,2017,High,True,False
MasterDeeds,Master Deeds,Home ownership statuses,2257930,2017,High,True,False
MasterDeeds,Master Deeds,Job titles,2257930,2017,High,True,False
MasterDeeds,Master Deeds,Names,2257930,2017,High,True,False
MasterDeeds,Master Deeds,Nationalities,2257930,2017,High,True,False
MasterDeeds,Master Deeds,Phone numbers,2257930,2017,High,True,False
MasterDeeds,Master Deeds,Physical addresses,2257930,2017,High,True,False
MastercardPricelessSpecials,Mastercard Priceless Specials,Email addresses,89388,2019,Low,True,False
MastercardPricelessSpecials,Mastercard Priceless Specials,IP addresses,89388,2019,Low,True,False
MastercardPricelessSpecials,Mastercard Priceless Specials,Names,89388,2019,Low,True,False
MastercardPricelessSpecials,Mastercard Priceless Specials,Partial credit card data,89388,2019,Low,True,False
MastercardPricelessSpecials,Mastercard Priceless Specials,Phone numbers,89388,2019,Low,True,False
MastercardPricelessSpecials,Mastercard Priceless Specials,Salutations,89388,2019,Low,True,False
Mate1,Mate1.com,Astrological signs,27393015,2016,Critical,True,True
Mate1,Mate1.com,Dates of birth,27393015,2016,Critical,True,True
Mate1,Mate1.com,Drinking habits,27393015,2016,Critical,True,True
Mate1,Mate1.com,Drug habits,27393015,2016,Critical,True,True
Mate1,Mate1.com,Education levels,27393015,2016,Critical,True,True
Mate1,Mate1.com,Email addresses,27393015,2016,Critical,True,True
Mate1,Mate1.com,Ethnicities,27393015,2016,Critical,True,True
Mate1,Mate1.com,Fitness levels,27393015,2016,Critical,True,True
Mate1,Mate1.com,Genders,27393015,2016,Critical,True,True
Mate1,Mate1.com,Geographic locations,27393015,2016,Critical,True,True
Mate1,Mate1.com,Income levels,27393015,2016,Critical,True,True
Mate1,Mate1.com,Job titles,27393015,2016,Critical,True,True
Mate1,Mate1.com,Names,27393015,2016,Critical,True,True
Mate1,Mate1.com,Parenting plans,27393015,2016,Critical,True,True
Mate1,Mate1.com,Passwords,27393015,2016,Critical,True,True
Mate1,Mate1.com,Personal descriptions,27393015,2016,Critical,True,True
Mate1,Mate1.com,Physical attributes,27393015,2016,Critical,True,True
Mate1,Mate1.com,Political views,27393015,2016,Critical,True,True
Mate1,Mate1.com,Relationship statuses,27393015,2016,Critical,True,True
Mate1,Mate1.com,Religions,27393015,2016,Critical,True,True
Mate1,Mate1.com,Sexual fetishes,27393015,2016,Critical,True,True
Mate1,Mate1.com,Travel habits,27393015,2016,Critical,True,True
Mate1,Mate1.com,Usernames,27393015,2016,Critical,True,True
Mate1,Mate1.com,Website activity,27393015,2016,Critical,True,True
Mate1,Mate1.com,Work habits,27393015,2016,Critical,True,True
Mathway,Mathway,Device information,25692862,2020,Critical,True,False
Mathway,Mathway,Email addresses,25692862,2020,Critical,True,False
Mathway,Mathway,Names,25692862,2020,Critical,True,False
Mathway,Mathway,Passwords,25692862,2020,Critical,True,False
Mathway,Mathway,Social media profiles,25692862,2020,Critical,True,False
MCBans,MCBans,Email addresses,119948,2016,Medium,True,False
MCBans,MCBans,IP addresses,119948,2016,Medium,True,False
MCBans,MCBans,Passwords,119948,2016,Medium,True,False
MCBans,MCBans,Usernames,119948,2016,Medium,True,False
MCBans,MCBans,Website activity,119948,2016,Medium,True,False
MDPI,MDPI,Email addresses,845012,2016,Medium,True,False
MDPI,MDPI,Email messages,845012,2016,Medium,True,False
MDPI,MDPI,IP addresses,845012,2016,Medium,True,False
MDPI,MDPI,Names,845012,2016,Medium,True,False
MechoDownload,Mecho Download,Email addresses,437928,2013,Medium,True,False
MechoDownload,Mecho Download,IP addresses,437928,2013,Medium,True,False
MechoDownload,Mecho Download,Passwords,437928,2013,Medium,True,False
MechoDownload,Mecho Download,Usernames,437928,2013,Medium,True,False
MediaWorks,MediaWorks,Dates of birth,162710,2023,Medium,True,False
MediaWorks,MediaWorks,Email addresses,162710,2023,Medium,True,False
MediaWorks,MediaWorks,Genders,162710,2023,Medium,True,False
MediaWorks,MediaWorks,Phone numbers,162710,2023,Medium,True,False
MediaWorks,MediaWorks,Physical addresses,162710,2023,Medium,True,False
MeetMindful,MeetMindful,Dates of birth,1422717,2020,High,True,True
MeetMindful,MeetMindful,Drinking habits,1422717,2020,High,True,True
MeetMindful,MeetMindful,Drug habits,1422717,2020,High,True,True
MeetMindful,MeetMindful,Email addresses,1422717,2020,High,True,True
MeetMindful,MeetMindful,Genders,1422717,2020,High,True,True
MeetMindful,MeetMindful,Geographic locations,1422717,2020,High,True,True
MeetMindful,MeetMindful,IP addresses,1422717,2020,High,True,True
MeetMindful,MeetMindful,Marital statuses,1422717,2020,High,True,True
MeetMindful,MeetMindful,Names,1422717,2020,High,True,True
MeetMindful,MeetMindful,Passwords,1422717,2020,High,True,True
MeetMindful,MeetMindful,Physical attributes,1422717,2020,High,True,True
MeetMindful,MeetMindful,Religions,1422717,2020,High,True,True
MeetMindful,MeetMindful,Sexual orientations,1422717,2020,High,True,True
MeetMindful,MeetMindful,Smoking habits,1422717,2020,High,True,True
MeetMindful,MeetMindful,Social media profiles,1422717,2020,High,True,True
MeetMindful,MeetMindful,Usernames,1422717,2020,High,True,True
MemeChat,MemeChat,Email addresses,4348570,2022,High,True,False
MemeChat,MemeChat,Usernames,4348570,2022,High,True,False
MEO,MEO,Email addresses,8227,2020,Low,True,False
MEO,MEO,Names,8227,2020,Low,True,False
MEO,MEO,Passwords,8227,2020,Low,True,False
MEO,MEO,Phone numbers,8227,2020,Low,True,False
MEO,MEO,Physical addresses,8227,2020,Low,True,False
MEO,MEO,Purchases,8227,2020,Low,True,False
MEO,MEO,Usernames,8227,2020,Low,True,False
MGM,MGM Resorts,Dates of birth,3081321,2019,High,True,False
MGM,MGM Resorts,Email addresses,3081321,2019,High,True,False
MGM,MGM Resorts,Names,3081321,2019,High,True,False
MGM,MGM Resorts,Phone numbers,3081321,2019,High,True,False
MGM,MGM Resorts,Physical addresses,3081321,2019,High,True,False
MGM2022Update,MGM Resorts (2022 Update),Dates of birth,24842001,2019,Critical,True,False
MGM2022Update,MGM Resorts (2022 Update),Email addresses,24842001,2019,Critical,True,False
MGM2022Update,MGM Resorts (2022 Update),Names,24842001,2019,Critical,True,False
MGM2022Update,MGM Resorts (2022 Update),Phone numbers,24842001,2019,Critical,True,False
MGM2022Update,MGM Resorts (2022 Update),Physical addresses,24842001,2019,Critical,True,False
MindJolt,Mindjolt,Dates of birth,28364826,2019,Critical,True,False
MindJolt,Mindjolt,Email addresses,28364826,2019,Critical,True,False
MindJolt,Mindjolt,Names,28364826,2019,Critical,True,False
MinecraftPocketEditionForum,Minecraft Pocket Edition Forum,Email addresses,16034,2015,Low,True,False
MinecraftPocketEditionForum,Minecraft Pocket Edition Forum,IP addresses,16034,2015,Low,True,False
MinecraftPocketEditionForum,Minecraft Pocket Edition Forum,Passwords,16034,2015,Low,True,False
MinecraftPocketEditionForum,Minecraft Pocket Edition Forum,Usernames,16034,2015,Low,True,False
MinecraftWorldMap,Minecraft World Map,Email addresses,71081,2016,Low,True,False
MinecraftWorldMap,Minecraft World Map,IP addresses,71081,2016,Low,True,False
MinecraftWorldMap,Minecraft World Map,Passwords,71081,2016,Low,True,False
MinecraftWorldMap,Minecraft World Map,Usernames,71081,2016,Low,True,False
Minefield,Minefield,Dates of birth,188343,2015,Medium,True,False
Minefield,Minefield,Email addresses,188343,2015,Medium,True,False
Minefield,Minefield,IP addresses,188343,2015,Medium,True,False
Minefield,Minefield,Passwords,188343,2015,Medium,True,False
Minefield,Minefield,Usernames,188343,2015,Medium,True,False
Minefield,Minefield,Website activity,188343,2015,Medium,True,False
Minehut,Minehut,Email addresses,396533,2019,Medium,True,False
Minehut,Minehut,Passwords,396533,2019,Medium,True,False
Minted,Minted,Email addresses,4418182,2020,High,True,False
Minted,Minted,Names,4418182,2020,High,True,False
Minted,Minted,Passwords,4418182,2020,High,True,False
Minted,Minted,Phone numbers,4418182,2020,High,True,False
Minted,Minted,Physical addresses,4418182,2020,High,True,False
Flipkart,Misattributed Flipkart Data,Email addresses,552094,2022,Medium,False,False
Flipkart,Misattributed Flipkart Data,Geographic locations,552094,2022,Medium,False,False
Flipkart,Misattributed Flipkart Data,Names,552094,2022,Medium,False,False
Flipkart,Misattributed Flipkart Data,Phone numbers,552094,2022,Medium,False,False
Habibs,Misattributed Habib's Data,Dates of birth,3517679,2021,High,False,False
Habibs,Misattributed Habib's Data,Email addresses,3517679,2021,High,False,False
Habibs,Misattributed Habib's Data,IP addresses,3517679,2021,High,False,False
Habibs,Misattributed Habib's Data,Names,3517679,2021,High,False,False
Habibs,Misattributed Habib's Data,Phone numbers,3517679,2021,High,False,False
Habibs,Misattributed Habib's Data,Social media profiles,3517679,2021,High,False,False
MMGFusion,MMG Fusion,Appointments,2660295,2020,High,True,False
MMGFusion,MMG Fusion,Dates of birth,2660295,2020,High,True,False
MMGFusion,MMG Fusion,Email addresses,2660295,2020,High,True,False
MMGFusion,MMG Fusion,Genders,2660295,2020,High,True,False
MMGFusion,MMG Fusion,Marital statuses,2660295,2020,High,True,False
MMGFusion,MMG Fusion,Names,2660295,2020,High,True,False
MMGFusion,MMG Fusion,Passwords,2660295,2020,High,True,False
MMGFusion,MMG Fusion,Phone numbers,2660295,2020,High,True,False
MMGFusion,MMG Fusion,Physical addresses,2660295,2020,High,True,False
MobiFriends,MobiFriends,Dates of birth,3512952,2020,High,True,True
MobiFriends,MobiFriends,Email addresses,3512952,2020,High,True,True
MobiFriends,MobiFriends,Genders,3512952,2020,High,True,True
MobiFriends,MobiFriends,Passwords,3512952,2020,High,True,True
MobiFriends,MobiFriends,Usernames,3512952,2020,High,True,True
MoDaCo,MoDaCo,Email addresses,879703,2016,Medium,True,False
MoDaCo,MoDaCo,IP addresses,879703,2016,Medium,True,False
MoDaCo,MoDaCo,Passwords,879703,2016,Medium,True,False
MoDaCo,MoDaCo,Usernames,879703,2016,Medium,True,False
ModernBusinessSolutions,Modern Business Solutions,Dates of birth,58843488,2016,Critical,True,False
ModernBusinessSolutions,Modern Business Solutions,Email addresses,58843488,2016,Critical,True,False
ModernBusinessSolutions,Modern Business Solutions,Genders,58843488,2016,Critical,True,False
ModernBusinessSolutions,Modern Business Solutions,IP addresses,58843488,2016,Critical,True,False
ModernBusinessSolutions,Modern Business Solutions,Job titles,58843488,2016,Critical,True,False
ModernBusinessSolutions,Modern Business Solutions,Names,58843488,2016,Critical,True,False
ModernBusinessSolutions,Modern Business Solutions,Phone numbers,58843488,2016,Critical,True,False
ModernBusinessSolutions,Modern Business Solutions,Physical addresses,58843488,2016,Critical,True,False
MoneyBookers,Money Bookers,Dates of birth,4483605,2009,High,True,False
MoneyBookers,Money Bookers,Email addresses,4483605,2009,High,True,False
MoneyBookers,Money Bookers,IP addresses,4483605,2009,High,True,False
MoneyBookers,Money Bookers,Names,4483605,2009,High,True,False
MoneyBookers,Money Bookers,Phone numbers,4483605,2009,High,True,False
MoneyBookers,Money Bookers,Physical addresses,4483605,2009,High,True,False
Moneycontrol,Moneycontrol,Email addresses,762874,2017,Medium,True,False
Moneycontrol,Moneycontrol,Genders,762874,2017,Medium,True,False
Moneycontrol,Moneycontrol,Geographic locations,762874,2017,Medium,True,False
Moneycontrol,Moneycontrol,Passwords,762874,2017,Medium,True,False
Moneycontrol,Moneycontrol,Phone numbers,762874,2017,Medium,True,False
MoreleNet,Morele.net,Email addresses,2467304,2018,High,True,False
MoreleNet,Morele.net,Names,2467304,2018,High,True,False
MoreleNet,Morele.net,Passwords,2467304,2018,High,True,False
MoreleNet,Morele.net,Phone numbers,2467304,2018,High,True,False
MortalOnline,Mortal Online,Email addresses,606637,2018,Medium,True,False
MortalOnline,Mortal Online,Names,606637,2018,Medium,True,False
MortalOnline,Mortal Online,Passwords,606637,2018,Medium,True,False
MortalOnline,Mortal Online,Physical addresses,606637,2018,Medium,True,False
MortalOnline,Mortal Online,Usernames,606637,2018,Medium,True,False
MovieForums,Movie Forums,Dates of birth,39914,2022,Low,True,False
MovieForums,Movie Forums,Email addresses,39914,2022,Low,True,False
MovieForums,Movie Forums,IP addresses,39914,2022,Low,True,False
MovieForums,Movie Forums,Passwords,39914,2022,Low,True,False
MovieForums,Movie Forums,Usernames,39914,2022,Low,True,False
MovieBoxPro,MovieBoxPro,Email addresses,6009014,2024,High,True,False
MovieBoxPro,MovieBoxPro,Usernames,6009014,2024,High,True,False
MPGH,MPGH,Email addresses,3122898,2015,High,True,False
MPGH,MPGH,IP addresses,3122898,2015,High,True,False
MPGH,MPGH,Passwords,3122898,2015,High,True,False
MPGH,MPGH,Usernames,3122898,2015,High,True,False
MrGreenGaming,Mr. Green Gaming,Dates of birth,27123,2024,Low,True,False
MrGreenGaming,Mr. Green Gaming,Email addresses,27123,2024,Low,True,False
MrGreenGaming,Mr. Green Gaming,Geographic locations,27123,2024,Low,True,False
MrGreenGaming,Mr. Green Gaming,IP addresses,27123,2024,Low,True,False
MrGreenGaming,Mr. Green Gaming,Usernames,27123,2024,Low,True,False
MrExcel,MrExcel,Dates of birth,366140,2016,Medium,True,False
MrExcel,MrExcel,Email addresses,366140,2016,Medium,True,False
MrExcel,MrExcel,IP addresses,366140,2016,Medium,True,False
MrExcel,MrExcel,Passwords,366140,2016,Medium,True,False
MrExcel,MrExcel,Social connections,366140,2016,Medium,True,False
MrExcel,MrExcel,Usernames,366140,2016,Medium,True,False
MrExcel,MrExcel,Website activity,366140,2016,Medium,True,False
mSpy,mSpy,Device usage tracking data,699793,2015,Medium,True,False
MuslimDirectory,Muslim Directory,Age groups,37784,2014,Low,True,False
MuslimDirectory,Muslim Directory,Email addresses,37784,2014,Low,True,False
MuslimDirectory,Muslim Directory,Employers,37784,2014,Low,True,False
MuslimDirectory,Muslim Directory,Names,37784,2014,Low,True,False
MuslimDirectory,Muslim Directory,Passwords,37784,2014,Low,True,False
MuslimDirectory,Muslim Directory,Phone numbers,37784,2014,Low,True,False
MuslimDirectory,Muslim Directory,Physical addresses,37784,2014,Low,True,False
MuslimDirectory,Muslim Directory,Website activity,37784,2014,Low,True,False
MuslimMatch,Muslim Match,Chat logs,149830,2016,Medium,True,True
MuslimMatch,Muslim Match,Email addresses,149830,2016,Medium,True,True
MuslimMatch,Muslim Match,Geographic locations,149830,2016,Medium,True,True
MuslimMatch,Muslim Match,IP addresses,149830,2016,Medium,True,True
MuslimMatch,Muslim Match,Passwords,149830,2016,Medium,True,True
MuslimMatch,Muslim Match,Private messages,149830,2016,Medium,True,True
MuslimMatch,Muslim Match,User statuses,149830,2016,Medium,True,True
MuslimMatch,Muslim Match,Usernames,149830,2016,Medium,True,True
MyFHA,MyFHA,Credit status information,972629,2015,Medium,True,False
MyFHA,MyFHA,Email addresses,972629,2015,Medium,True,False
MyFHA,MyFHA,Income levels,972629,2015,Medium,True,False
MyFHA,MyFHA,IP addresses,972629,2015,Medium,True,False
MyFHA,MyFHA,Loan information,972629,2015,Medium,True,False
MyFHA,MyFHA,Names,972629,2015,Medium,True,False
MyFHA,MyFHA,Passwords,972629,2015,Medium,True,False
MyFHA,MyFHA,Personal descriptions,972629,2015,Medium,True,False
MyFHA,MyFHA,Physical addresses,972629,2015,Medium,True,False
MyFitnessPal,MyFitnessPal,Email addresses,143606147,2018,Critical,True,False
MyFitnessPal,MyFitnessPal,IP addresses,143606147,2018,Critical,True,False
MyFitnessPal,MyFitnessPal,Passwords,143606147,2018,Critical,True,False
MyFitnessPal,MyFitnessPal,Usernames,143606147,2018,Critical,True,False
MyHeritage,MyHeritage,Email addresses,91991358,2017,Critical,True,False
MyHeritage,MyHeritage,Passwords,91991358,2017,Critical,True,False
MyPertamina,MyPertamina,Dates of birth,5970416,2022,High,True,False
MyPertamina,MyPertamina,Email addresses,5970416,2022,High,True,False
MyPertamina,MyPertamina,Genders,5970416,2022,High,True,False
MyPertamina,MyPertamina,Names,5970416,2022,High,True,False
MyPertamina,MyPertamina,Phone numbers,5970416,2022,High,True,False
MyPertamina,MyPertamina,Physical addresses,5970416,2022,High,True,False
MyPertamina,MyPertamina,Purchases,5970416,2022,High,True,False
myRepoSpace,myRepoSpace,Email addresses,252751,2015,Medium,True,False
myRepoSpace,myRepoSpace,IP addresses,252751,2015,Medium,True,False
myRepoSpace,myRepoSpace,Passwords,252751,2015,Medium,True,False
myRepoSpace,myRepoSpace,Usernames,252751,2015,Medium,True,False
MySpace,MySpace,Email addresses,359420698,2008,Critical,True,False
MySpace,MySpace,Passwords,359420698,2008,Critical,True,False
MySpace,MySpace,Usernames,359420698,2008,Critical,True,False
MyVidster,MyVidster,Email addresses,19863,2015,Low,True,False
MyVidster,MyVidster,Passwords,19863,2015,Low,True,False
MyVidster,MyVidster,Usernames,19863,2015,Low,True,False
NamelessMalware,Nameless Malware,Email addresses,1121484,2020,High,True,True
NapsGear,NapsGear,Dates of birth,287071,2015,Medium,True,True
NapsGear,NapsGear,Email addresses,287071,2015,Medium,True,True
NapsGear,NapsGear,Genders,287071,2015,Medium,True,True
NapsGear,NapsGear,Names,287071,2015,Medium,True,True
NapsGear,NapsGear,Passwords,287071,2015,Medium,True,True
NapsGear,NapsGear,Phone numbers,287071,2015,Medium,True,True
NapsGear,NapsGear,Physical addresses,287071,2015,Medium,True,True
NapsGear,NapsGear,Purchases,287071,2015,Medium,True,True
NaughtyAmerica,Naughty America,Dates of birth,1398630,2016,High,True,True
NaughtyAmerica,Naughty America,Email addresses,1398630,2016,High,True,True
NaughtyAmerica,Naughty America,IP addresses,1398630,2016,High,True,True
NaughtyAmerica,Naughty America,Passwords,1398630,2016,High,True,True
NaughtyAmerica,Naughty America,Usernames,1398630,2016,High,True,True
NaughtyAmerica,Naughty America,Website activity,1398630,2016,High,True,True
NazApi,Naz.API,Email addresses,70840771,2023,Critical,True,False
NazApi,Naz.API,Passwords,70840771,2023,Critical,True,False
NemoWeb,NemoWeb,Email addresses,3472916,2016,High,True,False
NemoWeb,NemoWeb,Names,3472916,2016,High,True,False
Neopets,Neopets,Dates of birth,26892897,2013,Critical,True,False
Neopets,Neopets,Email addresses,26892897,2013,Critical,True,False
Neopets,Neopets,Genders,26892897,2013,Critical,True,False
Neopets,Neopets,Geographic locations,26892897,2013,Critical,True,False
Neopets,Neopets,IP addresses,26892897,2013,Critical,True,False
Neopets,Neopets,Names,26892897,2013,Critical,True,False
Neopets,Neopets,Passwords,26892897,2013,Critical,True,False
Neopets,Neopets,Usernames,26892897,2013,Critical,True,False
NetEase,NetEase,Email addresses,234842089,2015,Critical,False,False
NetEase,NetEase,Passwords,234842089,2015,Critical,False,False
Neteller,Neteller,Account balances,3619948,2010,High,True,False
Neteller,Neteller,Dates of birth,3619948,2010,High,True,False
Neteller,Neteller,Email addresses,3619948,2010,High,True,False
Neteller,Neteller,Genders,3619948,2010,High,True,False
Neteller,Neteller,IP addresses,3619948,2010,High,True,False
Neteller,Neteller,Names,3619948,2010,High,True,False
Neteller,Neteller,Phone numbers,3619948,2010,High,True,False
Neteller,Neteller,Physical addresses,3619948,2010,High,True,False
Neteller,Neteller,Security questions and answers,3619948,2010,High,True,False
Neteller,Neteller,Website activity,3619948,2010,High,True,False
NetGalley,NetGalley,Dates of birth,1436435,2020,High,True,False
NetGalley,NetGalley,Email addresses,1436435,2020,High,True,False
NetGalley,NetGalley,IP addresses,1436435,2020,High,True,False
NetGalley,NetGalley,Names,1436435,2020,High,True,False
NetGalley,NetGalley,Passwords,1436435,2020,High,True,False
NetGalley,NetGalley,Phone numbers,1436435,2020,High,True,False
NetGalley,NetGalley,Physical addresses,1436435,2020,High,True,False
NetGalley,NetGalley,Usernames,1436435,2020,High,True,False
Netlog,Netlog,Email addresses,49038354,2012,Critical,True,False
Netlog,Netlog,Passwords,49038354,2012,Critical,True,False
NetProspex,NetProspex,Email addresses,33698126,2016,Critical,True,False
NetProspex,NetProspex,Employers,33698126,2016,Critical,True,False
NetProspex,NetProspex,Job titles,33698126,2016,Critical,True,False
NetProspex,NetProspex,Names,33698126,2016,Critical,True,False
NetProspex,NetProspex,Phone numbers,33698126,2016,Critical,True,False
NetProspex,NetProspex,Physical addresses,33698126,2016,Critical,True,False
Netshoes,Netshoes,Dates of birth,499836,2017,Medium,True,False
Netshoes,Netshoes,Email addresses,499836,2017,Medium,True,False
Netshoes,Netshoes,Names,499836,2017,Medium,True,False
Netshoes,Netshoes,Purchases,499836,2017,Medium,True,False
NextGenUpdate,NextGenUpdate,Email addresses,1194597,2014,High,True,False
NextGenUpdate,NextGenUpdate,IP addresses,1194597,2014,High,True,False
NextGenUpdate,NextGenUpdate,Passwords,1194597,2014,High,True,False
NextGenUpdate,NextGenUpdate,Usernames,1194597,2014,High,True,False
NexusMods,Nexus Mods,Email addresses,5915013,2013,High,True,False
NexusMods,Nexus Mods,Passwords,5915013,2013,High,True,False
NexusMods,Nexus Mods,Usernames,5915013,2013,High,True,False
Nihonomaru,Nihonomaru,Email addresses,1697282,2015,High,True,False
Nihonomaru,Nihonomaru,IP addresses,1697282,2015,High,True,False
Nihonomaru,Nihonomaru,Passwords,1697282,2015,High,True,False
Nihonomaru,Nihonomaru,Usernames,1697282,2015,High,True,False
Nitro,Nitro,Email addresses,77159696,2020,Critical,True,False
Nitro,Nitro,Names,77159696,2020,Critical,True,False
Nitro,Nitro,Passwords,77159696,2020,Critical,True,False
Nival,Nival,Avatars,1535473,2016,High,True,False
Nival,Nival,Dates of birth,1535473,2016,High,True,False
Nival,Nival,Email addresses,1535473,2016,High,True,False
Nival,Nival,Genders,1535473,2016,High,True,False
Nival,Nival,Names,1535473,2016,High,True,False
Nival,Nival,Spoken languages,1535473,2016,High,True,False
Nival,Nival,Usernames,1535473,2016,High,True,False
Nival,Nival,Website activity,1535473,2016,High,True,False
NonNudeGirls,Non Nude Girls,Email addresses,75383,2013,Low,True,True
NonNudeGirls,Non Nude Girls,IP addresses,75383,2013,Low,True,True
NonNudeGirls,Non Nude Girls,Names,75383,2013,Low,True,True
NonNudeGirls,Non Nude Girls,Passwords,75383,2013,Low,True,True
NonNudeGirls,Non Nude Girls,Usernames,75383,2013,Low,True,True
NonNudeGirls,Non Nude Girls,Website activity,75383,2013,Low,True,True
NotAcxiom,Not Acxiom,Email addresses,51730831,2020,Critical,False,False
NotAcxiom,Not Acxiom,IP addresses,51730831,2020,Critical,False,False
NotAcxiom,Not Acxiom,Names,51730831,2020,Critical,False,False
NotAcxiom,Not Acxiom,Phone numbers,51730831,2020,Critical,False,False
NotAcxiom,Not Acxiom,Physical addresses,51730831,2020,Critical,False,False
NulledCH,Nulled.ch,Email addresses,43491,2020,Low,True,False
NulledCH,Nulled.ch,IP addresses,43491,2020,Low,True,False
NulledCH,Nulled.ch,Passwords,43491,2020,Low,True,False
NulledCH,Nulled.ch,Private messages,43491,2020,Low,True,False
NulledCH,Nulled.ch,Usernames,43491,2020,Low,True,False
Nulled,Nulled.cr,Dates of birth,599080,2016,Medium,True,False
Nulled,Nulled.cr,Email addresses,599080,2016,Medium,True,False
Nulled,Nulled.cr,IP addresses,599080,2016,Medium,True,False
Nulled,Nulled.cr,Passwords,599080,2016,Medium,True,False
Nulled,Nulled.cr,Private messages,599080,2016,Medium,True,False
Nulled,Nulled.cr,Usernames,599080,2016,Medium,True,False
Nulled,Nulled.cr,Website activity,599080,2016,Medium,True,False
NurseryCam,NurseryCam,Email addresses,10585,2021,Low,True,False
NVIDIA,NVIDIA,Email addresses,71335,2022,Low,True,False
NVIDIA,NVIDIA,Passwords,71335,2022,Low,True,False
OGUsers,OGUsers (2019 breach),Email addresses,161143,2018,Medium,True,False
OGUsers,OGUsers (2019 breach),IP addresses,161143,2018,Medium,True,False
OGUsers,OGUsers (2019 breach),Passwords,161143,2018,Medium,True,False
OGUsers,OGUsers (2019 breach),Private messages,161143,2018,Medium,True,False
OGUsers,OGUsers (2019 breach),Usernames,161143,2018,Medium,True,False
OGUsers2020,OGUsers (2020 breach),Email addresses,263189,2020,Medium,True,False
OGUsers2020,OGUsers (2020 breach),IP addresses,263189,2020,Medium,True,False
OGUsers2020,OGUsers (2020 breach),Passwords,263189,2020,Medium,True,False
OGUsers2020,OGUsers (2020 breach),Private messages,263189,2020,Medium,True,False
OGUsers2020,OGUsers (2020 breach),Usernames,263189,2020,Medium,True,False
OGUsers2021,OGUsers (2021 breach),Email addresses,348302,2021,Medium,True,False
OGUsers2021,OGUsers (2021 breach),IP addresses,348302,2021,Medium,True,False
OGUsers2021,OGUsers (2021 breach),Passwords,348302,2021,Medium,True,False
OGUsers2021,OGUsers (2021 breach),Usernames,348302,2021,Medium,True,False
OGUsers2022,OGUsers (2022 breach),Email addresses,529020,2022,Medium,True,False
OGUsers2022,OGUsers (2022 breach),IP addresses,529020,2022,Medium,True,False
OGUsers2022,OGUsers (2022 breach),Passwords,529020,2022,Medium,True,False
OGUsers2022,OGUsers (2022 breach),Usernames,529020,2022,Medium,True,False
OMGPOP,OMGPOP,Email addresses,7071293,2013,High,True,False
OMGPOP,OMGPOP,Passwords,7071293,2013,High,True,False
OnlineTrade,Online Trade (Онлайн Трейд),Dates of birth,3805265,2022,High,True,False
OnlineTrade,Online Trade (Онлайн Трейд),Email addresses,3805265,2022,High,True,False
OnlineTrade,Online Trade (Онлайн Трейд),IP addresses,3805265,2022,High,True,False
OnlineTrade,Online Trade (Онлайн Трейд),Names,3805265,2022,High,True,False
OnlineTrade,Online Trade (Онлайн Трейд),Passwords,3805265,2022,High,True,False
OnlineTrade,Online Trade (Онлайн Трейд),Phone numbers,3805265,2022,High,True,False
OnlinerSpambot,Onliner Spambot,Email addresses,711477622,2017,Critical,True,False
OnlinerSpambot,Onliner Spambot,Passwords,711477622,2017,Critical,True,False
Onverse,Onverse,Email addresses,800157,2016,Medium,True,False
Onverse,Onverse,IP addresses,800157,2016,Medium,True,False
Onverse,Onverse,Passwords,800157,2016,Medium,True,False
Onverse,Onverse,Usernames,800157,2016,Medium,True,False
OpenCSGO,Open CS:GO,Avatars,512311,2017,Medium,True,False
OpenCSGO,Open CS:GO,Email addresses,512311,2017,Medium,True,False
OpenCSGO,Open CS:GO,IP addresses,512311,2017,Medium,True,False
OpenCSGO,Open CS:GO,Phone numbers,512311,2017,Medium,True,False
OpenCSGO,Open CS:GO,Physical addresses,512311,2017,Medium,True,False
OpenCSGO,Open CS:GO,Purchases,512311,2017,Medium,True,False
OpenCSGO,Open CS:GO,Social media profiles,512311,2017,Medium,True,False
OpenCSGO,Open CS:GO,Usernames,512311,2017,Medium,True,False
OpenSubtitles,Open Subtitles,Email addresses,6783158,2021,High,True,False
OpenSubtitles,Open Subtitles,Geographic locations,6783158,2021,High,True,False
OpenSubtitles,Open Subtitles,IP addresses,6783158,2021,High,True,False
OpenSubtitles,Open Subtitles,Passwords,6783158,2021,High,True,False
OpenSubtitles,Open Subtitles,Usernames,6783158,2021,High,True,False
OperationEndgame,Operation Endgame,Email addresses,16466858,2024,Critical,True,False
OperationEndgame,Operation Endgame,Passwords,16466858,2024,Critical,True,False
OrderSnapp,OrderSnapp,Dates of birth,1304447,2020,High,True,False
OrderSnapp,OrderSnapp,Email addresses,1304447,2020,High,True,False
OrderSnapp,OrderSnapp,Names,1304447,2020,High,True,False
OrderSnapp,OrderSnapp,Passwords,1304447,2020,High,True,False
OrderSnapp,OrderSnapp,Phone numbers,1304447,2020,High,True,False
OrdineAvvocatiDiRoma,Ordine Avvocati di Roma,Email addresses,41960,2019,Low,True,False
OrdineAvvocatiDiRoma,Ordine Avvocati di Roma,Email messages,41960,2019,Low,True,False
OrdineAvvocatiDiRoma,Ordine Avvocati di Roma,Geographic locations,41960,2019,Low,True,False
OrdineAvvocatiDiRoma,Ordine Avvocati di Roma,Passwords,41960,2019,Low,True,False
OrdineAvvocatiDiRoma,Ordine Avvocati di Roma,Phone numbers,41960,2019,Low,True,False
OVH,OVH,Email addresses,452899,2015,Medium,True,False
OVH,OVH,IP addresses,452899,2015,Medium,True,False
OVH,OVH,Passwords,452899,2015,Medium,True,False
OVH,OVH,Usernames,452899,2015,Medium,True,False
OwnedCore,OwnedCore,Email addresses,880331,2013,Medium,True,False
OwnedCore,OwnedCore,IP addresses,880331,2013,Medium,True,False
OwnedCore,OwnedCore,Passwords,880331,2013,Medium,True,False
OwnedCore,OwnedCore,Usernames,880331,2013,Medium,True,False
Oxfam,Oxfam,Bank account numbers,1834006,2021,High,True,False
Oxfam,Oxfam,Dates of birth,1834006,2021,High,True,False
Oxfam,Oxfam,Email addresses,1834006,2021,High,True,False
Oxfam,Oxfam,Genders,1834006,2021,High,True,False
Oxfam,Oxfam,Names,1834006,2021,High,True,False
Oxfam,Oxfam,Partial credit card data,1834006,2021,High,True,False
Oxfam,Oxfam,Payment histories,1834006,2021,High,True,False
Oxfam,Oxfam,Phone numbers,1834006,2021,High,True,False
Oxfam,Oxfam,Physical addresses,1834006,2021,High,True,False
PaddyPower,Paddy Power,Account balances,590954,2010,Medium,True,False
PaddyPower,Paddy Power,Dates of birth,590954,2010,Medium,True,False
PaddyPower,Paddy Power,Email addresses,590954,2010,Medium,True,False
PaddyPower,Paddy Power,IP addresses,590954,2010,Medium,True,False
PaddyPower,Paddy Power,Names,590954,2010,Medium,True,False
PaddyPower,Paddy Power,Phone numbers,590954,2010,Medium,True,False
PaddyPower,Paddy Power,Physical addresses,590954,2010,Medium,True,False
PaddyPower,Paddy Power,Security questions and answers,590954,2010,Medium,True,False
PaddyPower,Paddy Power,Usernames,590954,2010,Medium,True,False
PaddyPower,Paddy Power,Website activity,590954,2010,Medium,True,False
Pampling,Pampling,Email addresses,383468,2020,Medium,True,False
Pampling,Pampling,Names,383468,2020,Medium,True,False
Pampling,Pampling,Passwords,383468,2020,Medium,True,False
Pampling,Pampling,Usernames,383468,2020,Medium,True,False
Pandabuy,Pandabuy,Email addresses,1348407,2024,High,True,False
Pandabuy,Pandabuy,IP addresses,1348407,2024,High,True,False
Pandabuy,Pandabuy,Names,1348407,2024,High,True,False
Pandabuy,Pandabuy,Phone numbers,1348407,2024,High,True,False
Pandabuy,Pandabuy,Physical addresses,1348407,2024,High,True,False
ParagonCheats,Paragon Cheats,Browser user agent details,188089,2021,Medium,True,False
ParagonCheats,Paragon Cheats,Email addresses,188089,2021,Medium,True,False
ParagonCheats,Paragon Cheats,IP addresses,188089,2021,Medium,True,False
ParagonCheats,Paragon Cheats,Usernames,188089,2021,Medium,True,False
ParkMobile,ParkMobile,Email addresses,20949825,2021,Critical,True,False
ParkMobile,ParkMobile,Licence plates,20949825,2021,Critical,True,False
ParkMobile,ParkMobile,Names,20949825,2021,Critical,True,False
ParkMobile,ParkMobile,Passwords,20949825,2021,Critical,True,False
ParkMobile,ParkMobile,Phone numbers,20949825,2021,Critical,True,False
Patreon,Patreon,Email addresses,2330382,2015,High,True,False
Patreon,Patreon,Passwords,2330382,2015,High,True,False
Patreon,Patreon,Payment histories,2330382,2015,High,True,False
Patreon,Patreon,Physical addresses,2330382,2015,High,True,False
Patreon,Patreon,Private messages,2330382,2015,High,True,False
Patreon,Patreon,Website activity,2330382,2015,High,True,False
PayAsUGym,PayAsUGym,Browser user agent details,400260,2016,Medium,True,False
PayAsUGym,PayAsUGym,Email addresses,400260,2016,Medium,True,False
PayAsUGym,PayAsUGym,IP addresses,400260,2016,Medium,True,False
PayAsUGym,PayAsUGym,Names,400260,2016,Medium,True,False
PayAsUGym,PayAsUGym,Partial credit card data,400260,2016,Medium,True,False
PayAsUGym,PayAsUGym,Passwords,400260,2016,Medium,True,False
PayAsUGym,PayAsUGym,Phone numbers,400260,2016,Medium,True,False
PayAsUGym,PayAsUGym,Website activity,400260,2016,Medium,True,False
PayHere,PayHere,Email addresses,1580249,2022,High,True,False
PayHere,PayHere,IP addresses,1580249,2022,High,True,False
PayHere,PayHere,Names,1580249,2022,High,True,False
PayHere,PayHere,Partial credit card data,1580249,2022,High,True,False
PayHere,PayHere,Phone numbers,1580249,2022,High,True,False
PayHere,PayHere,Physical addresses,1580249,2022,High,True,False
PayHere,PayHere,Purchases,1580249,2022,High,True,False
PaySystemTech,PaySystem.tech,Credit cards,1410764,2022,High,False,False
PaySystemTech,PaySystem.tech,Email addresses,1410764,2022,High,False,False
PaySystemTech,PaySystem.tech,Purchases,1410764,2022,High,False,False
Paytm,Paytm,Dates of birth,3395101,2020,High,True,False
Paytm,Paytm,Email addresses,3395101,2020,High,True,False
Paytm,Paytm,Genders,3395101,2020,High,True,False
Paytm,Paytm,Geographic locations,3395101,2020,High,True,False
Paytm,Paytm,Income levels,3395101,2020,High,True,False
Paytm,Paytm,Names,3395101,2020,High,True,False
Paytm,Paytm,Phone numbers,3395101,2020,High,True,False
Paytm,Paytm,Purchases,3395101,2020,High,True,False
pcTattletale,pcTattletale,Device information,138751,2024,Medium,True,False
pcTattletale,pcTattletale,Email addresses,138751,2024,Medium,True,False
pcTattletale,pcTattletale,IP addresses,138751,2024,Medium,True,False
pcTattletale,pcTattletale,Names,138751,2024,Medium,True,False
pcTattletale,pcTattletale,Passwords,138751,2024,Medium,True,False
pcTattletale,pcTattletale,Phone numbers,138751,2024,Medium,True,False
pcTattletale,pcTattletale,Physical addresses,138751,2024,Medium,True,False
pcTattletale,pcTattletale,SMS messages,138751,2024,Medium,True,False
pcTattletale,pcTattletale,Usernames,138751,2024,Medium,True,False
Peatix,Peatix,Email addresses,4227907,2019,High,True,False
Peatix,Peatix,Names,4227907,2019,High,True,False
Peatix,Peatix,Passwords,4227907,2019,High,True,False
Pemiblanc,Pemiblanc,Email addresses,110964206,2018,Critical,False,False
Pemiblanc,Pemiblanc,Passwords,110964206,2018,Critical,False,False
PeoplesEnergy,People's Energy,Dates of birth,358822,2020,Medium,True,False
PeoplesEnergy,People's Energy,Email addresses,358822,2020,Medium,True,False
PeoplesEnergy,People's Energy,Names,358822,2020,Medium,True,False
PeoplesEnergy,People's Energy,Passwords,358822,2020,Medium,True,False
PeoplesEnergy,People's Energy,Phone numbers,358822,2020,Medium,True,False
PeoplesEnergy,People's Energy,Physical addresses,358822,2020,Medium,True,False
PetFlow,PetFlow,Email addresses,990919,2017,Medium,True,False
PetFlow,PetFlow,Passwords,990919,2017,Medium,True,False
CERTPolandPhish,Phished Data via CERT Poland,Email addresses,67943,2023,Low,True,False
CERTPolandPhish,Phished Data via CERT Poland,Passwords,67943,2023,Low,True,False
Phoenix,Phoenix,Email addresses,74776,2021,Low,True,False
Phoenix,Phoenix,IP addresses,74776,2021,Low,True,False
Phoenix,Phoenix,Passwords,74776,2021,Low,True,False
Phoenix,Phoenix,Usernames,74776,2021,Low,True,False
PhoneHouse,Phone House España,Dates of birth,5223350,2021,High,True,False
PhoneHouse,Phone House España,Email addresses,5223350,2021,High,True,False
PhoneHouse,Phone House España,Genders,5223350,2021,High,True,False
PhoneHouse,Phone House España,Names,5223350,2021,High,True,False
PhoneHouse,Phone House España,Nationalities,5223350,2021,High,True,False
PhoneHouse,Phone House España,Phone numbers,5223350,2021,High,True,False
PhoneHouse,Phone House España,Physical addresses,5223350,2021,High,True,False
PHPFreaks,PHP Freaks,Dates of birth,173891,2015,Medium,True,False
PHPFreaks,PHP Freaks,Email addresses,173891,2015,Medium,True,False
PHPFreaks,PHP Freaks,IP addresses,173891,2015,Medium,True,False
PHPFreaks,PHP Freaks,Passwords,173891,2015,Medium,True,False
PHPFreaks,PHP Freaks,Usernames,173891,2015,Medium,True,False
PHPFreaks,PHP Freaks,Website activity,173891,2015,Medium,True,False
PipingRock,Piping Rock,Email addresses,2103100,2024,High,True,False
PipingRock,Piping Rock,Names,2103100,2024,High,True,False
PipingRock,Piping Rock,Phone numbers,2103100,2024,High,True,False
PipingRock,Piping Rock,Physical addresses,2103100,2024,High,True,False
PixelFederation,Pixel Federation,Email addresses,38108,2013,Low,True,False
PixelFederation,Pixel Federation,Passwords,38108,2013,Low,True,False
Pixlr,Pixlr,Email addresses,1906808,2020,High,True,False
Pixlr,Pixlr,Geographic locations,1906808,2020,High,True,False
Pixlr,Pixlr,Names,1906808,2020,High,True,False
Pixlr,Pixlr,Passwords,1906808,2020,High,True,False
Pixlr,Pixlr,Social media profiles,1906808,2020,High,True,False
piZap,piZap,Email addresses,41817893,2017,Critical,True,False
piZap,piZap,Genders,41817893,2017,Critical,True,False
piZap,piZap,Geographic locations,41817893,2017,Critical,True,False
piZap,piZap,Names,41817893,2017,Critical,True,False
piZap,piZap,Passwords,41817893,2017,Critical,True,False
piZap,piZap,Social media profiles,41817893,2017,Critical,True,False
piZap,piZap,Usernames,41817893,2017,Critical,True,False
piZap,piZap,Website activity,41817893,2017,Critical,True,False
PlanetCalypso,Planet Calypso,Email addresses,62261,2019,Low,True,False
PlanetCalypso,Planet Calypso,IP addresses,62261,2019,Low,True,False
PlanetCalypso,Planet Calypso,Passwords,62261,2019,Low,True,False
PlanetCalypso,Planet Calypso,Usernames,62261,2019,Low,True,False
PlanetIce,Planet Ice,Dates of birth,240488,2023,Medium,True,False
PlanetIce,Planet Ice,Email addresses,240488,2023,Medium,True,False
PlanetIce,Planet Ice,Genders,240488,2023,Medium,True,False
PlanetIce,Planet Ice,IP addresses,240488,2023,Medium,True,False
PlanetIce,Planet Ice,Names,240488,2023,Medium,True,False
PlanetIce,Planet Ice,Passwords,240488,2023,Medium,True,False
PlanetIce,Planet Ice,Phone numbers,240488,2023,Medium,True,False
PlanetIce,Planet Ice,Physical addresses,240488,2023,Medium,True,False
PlanetIce,Planet Ice,Purchases,240488,2023,Medium,True,False
Playbook,Playbook,Email addresses,50538,2020,Low,True,False
Playbook,Playbook,Job titles,50538,2020,Low,True,False
Playbook,Playbook,Names,50538,2020,Low,True,False
Playbook,Playbook,Passwords,50538,2020,Low,True,False
Playbook,Playbook,Phone numbers,50538,2020,Low,True,False
Playbook,Playbook,Social media profiles,50538,2020,Low,True,False
PlayCyberGames,PlayCyberGames,Email addresses,3681753,2023,High,True,False
PlayCyberGames,PlayCyberGames,Passwords,3681753,2023,High,True,False
PlayCyberGames,PlayCyberGames,Usernames,3681753,2023,High,True,False
Plex,Plex,Email addresses,327314,2015,Medium,True,False
Plex,Plex,IP addresses,327314,2015,Medium,True,False
Plex,Plex,Passwords,327314,2015,Medium,True,False
Plex,Plex,Usernames,327314,2015,Medium,True,False
PlutoTV,Pluto TV,Dates of birth,3225080,2018,High,True,False
PlutoTV,Pluto TV,Device information,3225080,2018,High,True,False
PlutoTV,Pluto TV,Email addresses,3225080,2018,High,True,False
PlutoTV,Pluto TV,Genders,3225080,2018,High,True,False
PlutoTV,Pluto TV,IP addresses,3225080,2018,High,True,False
PlutoTV,Pluto TV,Names,3225080,2018,High,True,False
PlutoTV,Pluto TV,Passwords,3225080,2018,High,True,False
PlutoTV,Pluto TV,Social media profiles,3225080,2018,High,True,False
PlutoTV,Pluto TV,Usernames,3225080,2018,High,True,False
Pokebip,Pokébip,Email addresses,657001,2015,Medium,True,False
Pokebip,Pokébip,IP addresses,657001,2015,Medium,True,False
Pokebip,Pokébip,Passwords,657001,2015,Medium,True,False
Pokebip,Pokébip,Time zones,657001,2015,Medium,True,False
Pokebip,Pokébip,Usernames,657001,2015,Medium,True,False
Pokebip,Pokébip,Website activity,657001,2015,Medium,True,False
PokemonCreed,Pokémon Creed,Email addresses,116465,2014,Medium,True,False
PokemonCreed,Pokémon Creed,Genders,116465,2014,Medium,True,False
PokemonCreed,Pokémon Creed,IP addresses,116465,2014,Medium,True,False
PokemonCreed,Pokémon Creed,Passwords,116465,2014,Medium,True,False
PokemonCreed,Pokémon Creed,Usernames,116465,2014,Medium,True,False
PokemonCreed,Pokémon Creed,Website activity,116465,2014,Medium,True,False
PokemonNegro,Pokémon Negro,Email addresses,830155,2016,Medium,True,False
PokemonNegro,Pokémon Negro,IP addresses,830155,2016,Medium,True,False
PokemonNegro,Pokémon Negro,Passwords,830155,2016,Medium,True,False
PoliceOne,PoliceOne,Email addresses,709926,2014,Medium,True,False
PoliceOne,PoliceOne,IP addresses,709926,2014,Medium,True,False
PoliceOne,PoliceOne,Passwords,709926,2014,Medium,True,False
PoliceOne,PoliceOne,Usernames,709926,2014,Medium,True,False
PolishCredentials,Polish Credentials,Email addresses,1204870,2023,High,True,False
PolishCredentials,Polish Credentials,Passwords,1204870,2023,High,True,False
Poshmark,Poshmark,Email addresses,36395491,2018,Critical,True,False
Poshmark,Poshmark,Genders,36395491,2018,Critical,True,False
Poshmark,Poshmark,Geographic locations,36395491,2018,Critical,True,False
Poshmark,Poshmark,Names,36395491,2018,Critical,True,False
Poshmark,Poshmark,Passwords,36395491,2018,Critical,True,False
Poshmark,Poshmark,Usernames,36395491,2018,Critical,True,False
Powerbot,Powerbot,Email addresses,503501,2014,Medium,True,False
Powerbot,Powerbot,IP addresses,503501,2014,Medium,True,False
Powerbot,Powerbot,Passwords,503501,2014,Medium,True,False
Powerbot,Powerbot,Usernames,503501,2014,Medium,True,False
PPCGeeks,PPCGeeks,Dates of birth,492518,2016,Medium,True,False
PPCGeeks,PPCGeeks,Email addresses,492518,2016,Medium,True,False
PPCGeeks,PPCGeeks,IP addresses,492518,2016,Medium,True,False
PPCGeeks,PPCGeeks,Passwords,492518,2016,Medium,True,False
PPCGeeks,PPCGeeks,Usernames,492518,2016,Medium,True,False
PreenMe,Preen.Me,Email addresses,236105,2020,Medium,True,False
PreenMe,Preen.Me,Names,236105,2020,Medium,True,False
PreenMe,Preen.Me,Social media profiles,236105,2020,Medium,True,False
PreenMe,Preen.Me,Usernames,236105,2020,Medium,True,False
ProctorU,ProctorU,Email addresses,444453,2020,Medium,True,False
ProctorU,ProctorU,Names,444453,2020,Medium,True,False
ProctorU,ProctorU,Passwords,444453,2020,Medium,True,False
ProctorU,ProctorU,Phone numbers,444453,2020,Medium,True,False
ProctorU,ProctorU,Physical addresses,444453,2020,Medium,True,False
ProctorU,ProctorU,Usernames,444453,2020,Medium,True,False
ProgrammingForums,Programming Forums,Email addresses,707432,2015,Medium,True,False
ProgrammingForums,Programming Forums,IP addresses,707432,2015,Medium,True,False
ProgrammingForums,Programming Forums,Passwords,707432,2015,Medium,True,False
ProgrammingForums,Programming Forums,Usernames,707432,2015,Medium,True,False
Promo,Promo,Email addresses,14610585,2020,Critical,True,False
Promo,Promo,Genders,14610585,2020,Critical,True,False
Promo,Promo,IP addresses,14610585,2020,Critical,True,False
Promo,Promo,Names,14610585,2020,Critical,True,False
Promo,Promo,Passwords,14610585,2020,Critical,True,False
Promofarma,Promofarma,Email addresses,1277761,2019,High,True,False
Promofarma,Promofarma,Names,1277761,2019,High,True,False
PropTiger,PropTiger,Dates of birth,2156921,2018,High,True,False
PropTiger,PropTiger,Device information,2156921,2018,High,True,False
PropTiger,PropTiger,Email addresses,2156921,2018,High,True,False
PropTiger,PropTiger,Genders,2156921,2018,High,True,False
PropTiger,PropTiger,IP addresses,2156921,2018,High,True,False
PropTiger,PropTiger,Names,2156921,2018,High,True,False
PropTiger,PropTiger,Passwords,2156921,2018,High,True,False
Protemps,Protemps,Email addresses,49591,2021,Low,True,False
Protemps,Protemps,Genders,49591,2021,Low,True,False
Protemps,Protemps,Job applications,49591,2021,Low,True,False
Protemps,Protemps,Marital statuses,49591,2021,Low,True,False
Protemps,Protemps,Names,49591,2021,Low,True,False
Protemps,Protemps,Nationalities,49591,2021,Low,True,False
Protemps,Protemps,Passport numbers,49591,2021,Low,True,False
Protemps,Protemps,Passwords,49591,2021,Low,True,False
Protemps,Protemps,Phone numbers,49591,2021,Low,True,False
Protemps,Protemps,Physical addresses,49591,2021,Low,True,False
Protemps,Protemps,Religions,49591,2021,Low,True,False
Protemps,Protemps,Salutations,49591,2021,Low,True,False
PS3Hax,PS3Hax,Email addresses,447410,2015,Medium,True,False
PS3Hax,PS3Hax,IP addresses,447410,2015,Medium,True,False
PS3Hax,PS3Hax,Passwords,447410,2015,Medium,True,False
PS3Hax,PS3Hax,Usernames,447410,2015,Medium,True,False
PSPISO,PSP ISO,Email addresses,1274070,2015,High,True,False
PSPISO,PSP ISO,IP addresses,1274070,2015,High,True,False
PSPISO,PSP ISO,Passwords,1274070,2015,High,True,False
PSPISO,PSP ISO,Usernames,1274070,2015,High,True,False
PSX-Scene,PSX-Scene,Email addresses,341118,2015,Medium,True,False
PSX-Scene,PSX-Scene,IP addresses,341118,2015,Medium,True,False
PSX-Scene,PSX-Scene,Passwords,341118,2015,Medium,True,False
PSX-Scene,PSX-Scene,Usernames,341118,2015,Medium,True,False
BVD,Public Business Data,Dates of birth,27917714,2021,Critical,True,False
BVD,Public Business Data,Email addresses,27917714,2021,Critical,True,False
BVD,Public Business Data,Job titles,27917714,2021,Critical,True,False
BVD,Public Business Data,Names,27917714,2021,Critical,True,False
BVD,Public Business Data,Phone numbers,27917714,2021,Critical,True,False
BVD,Public Business Data,Physical addresses,27917714,2021,Critical,True,False
Qakbot,Qakbot,Email addresses,6431319,2023,High,True,True
Qakbot,Qakbot,Passwords,6431319,2023,High,True,True
QatarNationalBank,Qatar National Bank,Bank account numbers,88678,2015,Low,True,False
QatarNationalBank,Qatar National Bank,Customer feedback,88678,2015,Low,True,False
QatarNationalBank,Qatar National Bank,Dates of birth,88678,2015,Low,True,False
QatarNationalBank,Qatar National Bank,Financial transactions,88678,2015,Low,True,False
QatarNationalBank,Qatar National Bank,Genders,88678,2015,Low,True,False
QatarNationalBank,Qatar National Bank,Geographic locations,88678,2015,Low,True,False
QatarNationalBank,Qatar National Bank,Government issued IDs,88678,2015,Low,True,False
QatarNationalBank,Qatar National Bank,IP addresses,88678,2015,Low,True,False
QatarNationalBank,Qatar National Bank,Marital statuses,88678,2015,Low,True,False
QatarNationalBank,Qatar National Bank,Names,88678,2015,Low,True,False
QatarNationalBank,Qatar National Bank,Passwords,88678,2015,Low,True,False
QatarNationalBank,Qatar National Bank,Phone numbers,88678,2015,Low,True,False
QatarNationalBank,Qatar National Bank,Physical addresses,88678,2015,Low,True,False
QatarNationalBank,Qatar National Bank,PINs,88678,2015,Low,True,False
QatarNationalBank,Qatar National Bank,Security questions and answers,88678,2015,Low,True,False
QatarNationalBank,Qatar National Bank,Spoken languages,88678,2015,Low,True,False
QIP,QIP,Email addresses,26183992,2011,Critical,True,False
QIP,QIP,Passwords,26183992,2011,Critical,True,False
QIP,QIP,Usernames,26183992,2011,Critical,True,False
QIP,QIP,Website activity,26183992,2011,Critical,True,False
QuantumBooter,Quantum Booter,Email addresses,48592,2014,Low,True,False
QuantumBooter,Quantum Booter,IP addresses,48592,2014,Low,True,False
QuantumBooter,Quantum Booter,Passwords,48592,2014,Low,True,False
QuantumBooter,Quantum Booter,Private messages,48592,2014,Low,True,False
QuantumBooter,Quantum Booter,Usernames,48592,2014,Low,True,False
QuantumBooter,Quantum Booter,Website activity,48592,2014,Low,True,False
QuestionPro,QuestionPro,Browser user agent details,22229637,2022,Critical,True,False
QuestionPro,QuestionPro,Email addresses,22229637,2022,Critical,True,False
QuestionPro,QuestionPro,IP addresses,22229637,2022,Critical,True,False
QuestionPro,QuestionPro,Survey results,22229637,2022,Critical,True,False
Quidd,Quidd,Email addresses,3805863,2019,High,True,False
Quidd,Quidd,Passwords,3805863,2019,High,True,False
Quidd,Quidd,Usernames,3805863,2019,High,True,False
QuinStreet,QuinStreet,Dates of birth,4907802,2015,High,True,False
QuinStreet,QuinStreet,Email addresses,4907802,2015,High,True,False
QuinStreet,QuinStreet,IP addresses,4907802,2015,High,True,False
QuinStreet,QuinStreet,Passwords,4907802,2015,High,True,False
QuinStreet,QuinStreet,Usernames,4907802,2015,High,True,False
QuinStreet,QuinStreet,Website activity,4907802,2015,High,True,False
R2-2017,R2 (2017 forum breach),Email addresses,1023466,2017,High,True,False
R2-2017,R2 (2017 forum breach),Passwords,1023466,2017,High,True,False
R2-2017,R2 (2017 forum breach),Usernames,1023466,2017,High,True,False
R2-2017,R2 (2017 forum breach),Website activity,1023466,2017,High,True,False
R2Games,R2Games,Email addresses,22281337,2015,Critical,True,False
R2Games,R2Games,IP addresses,22281337,2015,Critical,True,False
R2Games,R2Games,Passwords,22281337,2015,Critical,True,False
R2Games,R2Games,Usernames,22281337,2015,Critical,True,False
RaidForums,RaidForums,Dates of birth,478604,2020,Medium,True,False
RaidForums,RaidForums,Email addresses,478604,2020,Medium,True,False
RaidForums,RaidForums,IP addresses,478604,2020,Medium,True,False
RaidForums,RaidForums,Passwords,478604,2020,Medium,True,False
RaidForums,RaidForums,Usernames,478604,2020,Medium,True,False
RailYatri,RailYatri,Email addresses,23209732,2022,Critical,True,False
RailYatri,RailYatri,Genders,23209732,2022,Critical,True,False
RailYatri,RailYatri,Names,23209732,2022,Critical,True,False
RailYatri,RailYatri,Phone numbers,23209732,2022,Critical,True,False
RailYatri,RailYatri,Purchases,23209732,2022,Critical,True,False
Rambler,Rambler,Email addresses,91436280,2014,Critical,True,False
Rambler,Rambler,Passwords,91436280,2014,Critical,True,False
Rambler,Rambler,Usernames,91436280,2014,Critical,True,False
Rankwatch,RankWatch,Email addresses,7445067,2016,High,True,False
Rankwatch,RankWatch,Employers,7445067,2016,High,True,False
Rankwatch,RankWatch,Job titles,7445067,2016,High,True,False
Rankwatch,RankWatch,Names,7445067,2016,High,True,False
Rankwatch,RankWatch,Phone numbers,7445067,2016,High,True,False
Raychat,Raychat,Browser user agent details,938981,2021,Medium,True,False
Raychat,Raychat,Email addresses,938981,2021,Medium,True,False
Raychat,Raychat,IP addresses,938981,2021,Medium,True,False
Raychat,Raychat,Names,938981,2021,Medium,True,False
Raychat,Raychat,Passwords,938981,2021,Medium,True,False
RbxRocks,Rbx.Rocks,Email addresses,149958,2018,Medium,True,False
RbxRocks,Rbx.Rocks,Names,149958,2018,Medium,True,False
RbxRocks,Rbx.Rocks,Passwords,149958,2018,Medium,True,False
ReadNovel,Read Novel,Email addresses,22424472,2019,Critical,False,False
ReadNovel,Read Novel,Genders,22424472,2019,Critical,False,False
ReadNovel,Read Novel,Passwords,22424472,2019,Critical,False,False
ReadNovel,Read Novel,Phone numbers,22424472,2019,Critical,False,False
ReadNovel,Read Novel,Usernames,22424472,2019,Critical,False,False
RealEstateMogul,Real Estate Mogul,Email addresses,307768,2016,Medium,True,False
RealEstateMogul,Real Estate Mogul,Names,307768,2016,Medium,True,False
RealEstateMogul,Real Estate Mogul,Phone numbers,307768,2016,Medium,True,False
RealEstateMogul,Real Estate Mogul,Physical addresses,307768,2016,Medium,True,False
RealDudesInc,RealDudesInc,Email addresses,101543,2022,Medium,True,False
RealDudesInc,RealDudesInc,Passwords,101543,2022,Medium,True,False
RealDudesInc,RealDudesInc,Usernames,101543,2022,Medium,True,False
RedDoorz,RedDoorz,Dates of birth,5890277,2020,High,True,False
RedDoorz,RedDoorz,Email addresses,5890277,2020,High,True,False
RedDoorz,RedDoorz,Genders,5890277,2020,High,True,False
RedDoorz,RedDoorz,Names,5890277,2020,High,True,False
RedDoorz,RedDoorz,Occupations,5890277,2020,High,True,False
RedDoorz,RedDoorz,Passwords,5890277,2020,High,True,False
RedDoorz,RedDoorz,Phone numbers,5890277,2020,High,True,False
RedLineStealer,RedLine Stealer,Email addresses,441657,2021,Medium,True,False
RedLineStealer,RedLine Stealer,Passwords,441657,2021,Medium,True,False
RedLineStealer,RedLine Stealer,Usernames,441657,2021,Medium,True,False
BlueSnapRegpack,Regpack,Browser user agent details,104977,2016,Medium,True,False
BlueSnapRegpack,Regpack,Credit card CVV,104977,2016,Medium,True,False
BlueSnapRegpack,Regpack,Email addresses,104977,2016,Medium,True,False
BlueSnapRegpack,Regpack,IP addresses,104977,2016,Medium,True,False
BlueSnapRegpack,Regpack,Names,104977,2016,Medium,True,False
BlueSnapRegpack,Regpack,Partial credit card data,104977,2016,Medium,True,False
BlueSnapRegpack,Regpack,Phone numbers,104977,2016,Medium,True,False
BlueSnapRegpack,Regpack,Physical addresses,104977,2016,Medium,True,False
BlueSnapRegpack,Regpack,Purchases,104977,2016,Medium,True,False
Reincubate,Reincubate,Email addresses,616146,2017,Medium,True,False
Reincubate,Reincubate,Names,616146,2017,Medium,True,False
Reincubate,Reincubate,Passwords,616146,2017,Medium,True,False
RentoMojo,RentoMojo,Dates of birth,2185697,2023,High,True,False
RentoMojo,RentoMojo,Email addresses,2185697,2023,High,True,False
RentoMojo,RentoMojo,Genders,2185697,2023,High,True,False
RentoMojo,RentoMojo,Government issued IDs,2185697,2023,High,True,False
RentoMojo,RentoMojo,Names,2185697,2023,High,True,False
RentoMojo,RentoMojo,Passport numbers,2185697,2023,High,True,False
RentoMojo,RentoMojo,Passwords,2185697,2023,High,True,False
RentoMojo,RentoMojo,Phone numbers,2185697,2023,High,True,False
RentoMojo,RentoMojo,Purchases,2185697,2023,High,True,False
RentoMojo,RentoMojo,Social media profiles,2185697,2023,High,True,False
RepublicanPartyOfTexas,Republican Party of Texas,Browser user agent details,72596,2021,Low,True,False
RepublicanPartyOfTexas,Republican Party of Texas,Email addresses,72596,2021,Low,True,False
RepublicanPartyOfTexas,Republican Party of Texas,Geographic locations,72596,2021,Low,True,False
RepublicanPartyOfTexas,Republican Party of Texas,IP addresses,72596,2021,Low,True,False
RepublicanPartyOfTexas,Republican Party of Texas,Names,72596,2021,Low,True,False
RetinaX,Retina-X,Email addresses,71153,2017,Low,True,False
RetinaX,Retina-X,Passwords,71153,2017,Low,True,False
Reverb-Nation,ReverbNation,Email addresses,7040725,2014,High,True,False
Reverb-Nation,ReverbNation,Passwords,7040725,2014,High,True,False
Rightbiz,Rightbiz,Email addresses,65376,2023,Low,True,False
Rightbiz,Rightbiz,Names,65376,2023,Low,True,False
Rightbiz,Rightbiz,Phone numbers,65376,2023,Low,True,False
Rightbiz,Rightbiz,Physical addresses,65376,2023,Low,True,False
RiverCityMedia,River City Media Spam List,Email addresses,393430309,2017,Critical,True,False
RiverCityMedia,River City Media Spam List,IP addresses,393430309,2017,Critical,True,False
RiverCityMedia,River City Media Spam List,Names,393430309,2017,Critical,True,False
RiverCityMedia,River City Media Spam List,Physical addresses,393430309,2017,Critical,True,False
Robinhood,Robinhood,Email addresses,5003937,2021,High,True,False
Roblox,Roblox,Account balances,52458,2016,Low,True,False
Roblox,Roblox,Email addresses,52458,2016,Low,True,False
Roblox,Roblox,IP addresses,52458,2016,Low,True,False
Roblox,Roblox,Purchases,52458,2016,Low,True,False
Roblox,Roblox,Usernames,52458,2016,Low,True,False
RobloxDeveloperConference,Roblox Developer Conference,Clothing sizes,3943,2020,Low,True,False
RobloxDeveloperConference,Roblox Developer Conference,Dates of birth,3943,2020,Low,True,False
RobloxDeveloperConference,Roblox Developer Conference,Email addresses,3943,2020,Low,True,False
RobloxDeveloperConference,Roblox Developer Conference,IP addresses,3943,2020,Low,True,False
RobloxDeveloperConference,Roblox Developer Conference,Names,3943,2020,Low,True,False
RobloxDeveloperConference,Roblox Developer Conference,Phone numbers,3943,2020,Low,True,False
RobloxDeveloperConference,Roblox Developer Conference,Physical addresses,3943,2020,Low,True,False
RobloxDeveloperConference,Roblox Developer Conference,Usernames,3943,2020,Low,True,False
Roll20,Roll20,Email addresses,3994436,2018,High,True,False
Roll20,Roll20,IP addresses,3994436,2018,High,True,False
Roll20,Roll20,Names,3994436,2018,High,True,False
Roll20,Roll20,Partial credit card data,3994436,2018,High,True,False
Roll20,Roll20,Passwords,3994436,2018,High,True,False
Romwe,Romwe,Geographic locations,19531820,2018,Critical,True,False
Romwe,Romwe,IP addresses,19531820,2018,Critical,True,False
Romwe,Romwe,Names,19531820,2018,Critical,True,False
Romwe,Romwe,Passwords,19531820,2018,Critical,True,False
Romwe,Romwe,Phone numbers,19531820,2018,Critical,True,False
Romwe,Romwe,Physical addresses,19531820,2018,Critical,True,False
RosebuttBoard,Rosebutt Board,Email addresses,107303,2016,Medium,True,True
RosebuttBoard,Rosebutt Board,IP addresses,107303,2016,Medium,True,True
RosebuttBoard,Rosebutt Board,Passwords,107303,2016,Medium,True,True
RosebuttBoard,Rosebutt Board,Usernames,107303,2016,Medium,True,True
RoyalEnfield,Royal Enfield,Dates of birth,420873,2019,Medium,True,False
RoyalEnfield,Royal Enfield,Email addresses,420873,2019,Medium,True,False
RoyalEnfield,Royal Enfield,Genders,420873,2019,Medium,True,False
RoyalEnfield,Royal Enfield,Names,420873,2019,Medium,True,False
RoyalEnfield,Royal Enfield,Passwords,420873,2019,Medium,True,False
RoyalEnfield,Royal Enfield,Phone numbers,420873,2019,Medium,True,False
RoyalEnfield,Royal Enfield,Physical addresses,420873,2019,Medium,True,False
RoyalEnfield,Royal Enfield,Social media profiles,420873,2019,Medium,True,False
RoyalEnfield,Royal Enfield,Vehicle details,420873,2019,Medium,True,False
RussianAmerica,Russian America,Email addresses,182717,2017,Medium,True,False
RussianAmerica,Russian America,Names,182717,2017,Medium,True,False
RussianAmerica,Russian America,Passwords,182717,2017,Medium,True,False
RussianAmerica,Russian America,Phone numbers,182717,2017,Medium,True,False
SalvadoranCitizens,Salvadoran Citizens,Dates of birth,946989,2024,Medium,True,False
SalvadoranCitizens,Salvadoran Citizens,Email addresses,946989,2024,Medium,True,False
SalvadoranCitizens,Salvadoran Citizens,Government issued IDs,946989,2024,Medium,True,False
SalvadoranCitizens,Salvadoran Citizens,Names,946989,2024,Medium,True,False
SalvadoranCitizens,Salvadoran Citizens,Phone numbers,946989,2024,Medium,True,False
SalvadoranCitizens,Salvadoran Citizens,Physical addresses,946989,2024,Medium,True,False
SalvadoranCitizens,Salvadoran Citizens,Profile photos,946989,2024,Medium,True,False
SaverSpy,SaverSpy,Email addresses,2457420,2018,High,True,False
SaverSpy,SaverSpy,Genders,2457420,2018,High,True,False
SaverSpy,SaverSpy,Names,2457420,2018,High,True,False
SaverSpy,SaverSpy,Physical addresses,2457420,2018,High,True,False
SCDailyPhoneSpamList,SC Daily Phone Spam List,Dates of birth,32939105,2015,Critical,True,False
SCDailyPhoneSpamList,SC Daily Phone Spam List,Email addresses,32939105,2015,Critical,True,False
SCDailyPhoneSpamList,SC Daily Phone Spam List,Genders,32939105,2015,Critical,True,False
SCDailyPhoneSpamList,SC Daily Phone Spam List,IP addresses,32939105,2015,Critical,True,False
SCDailyPhoneSpamList,SC Daily Phone Spam List,Names,32939105,2015,Critical,True,False
SCDailyPhoneSpamList,SC Daily Phone Spam List,Physical addresses,32939105,2015,Critical,True,False
Scentbird,Scentbird,Dates of birth,5814988,2020,High,True,False
Scentbird,Scentbird,Email addresses,5814988,2020,High,True,False
Scentbird,Scentbird,Genders,5814988,2020,High,True,False
Scentbird,Scentbird,Names,5814988,2020,High,True,False
Scentbird,Scentbird,Password strengths,5814988,2020,High,True,False
Scentbird,Scentbird,Passwords,5814988,2020,High,True,False
SchoolDistrict42,School District 42,Email addresses,18850,2023,Low,True,False
SchoolDistrict42,School District 42,Names,18850,2023,Low,True,False
Seedpeer,Seedpeer,Email addresses,281924,2015,Medium,True,False
Seedpeer,Seedpeer,Passwords,281924,2015,Medium,True,False
Seedpeer,Seedpeer,Usernames,281924,2015,Medium,True,False
Sephora,Sephora,Dates of birth,780073,2017,Medium,True,False
Sephora,Sephora,Email addresses,780073,2017,Medium,True,False
Sephora,Sephora,Ethnicities,780073,2017,Medium,True,False
Sephora,Sephora,Genders,780073,2017,Medium,True,False
Sephora,Sephora,Names,780073,2017,Medium,True,False
Sephora,Sephora,Physical attributes,780073,2017,Medium,True,False
ServerPact,ServerPact,Dates of birth,73587,2016,Low,True,False
ServerPact,ServerPact,Email addresses,73587,2016,Low,True,False
ServerPact,ServerPact,IP addresses,73587,2016,Low,True,False
ServerPact,ServerPact,Passwords,73587,2016,Low,True,False
ServerPact,ServerPact,Usernames,73587,2016,Low,True,False
SevenRooms,SevenRooms,Email addresses,1205385,2022,High,True,False
SevenRooms,SevenRooms,Names,1205385,2022,High,True,False
SevenRooms,SevenRooms,Purchases,1205385,2022,High,True,False
Shadi,Shadi.com,Email addresses,2021984,2016,High,True,True
Shadi,Shadi.com,Passwords,2021984,2016,High,True,True
ShareThis,ShareThis,Dates of birth,40960499,2018,Critical,True,False
ShareThis,ShareThis,Email addresses,40960499,2018,Critical,True,False
ShareThis,ShareThis,Names,40960499,2018,Critical,True,False
ShareThis,ShareThis,Passwords,40960499,2018,Critical,True,False
SHEIN,SHEIN,Email addresses,39086762,2018,Critical,True,False
SHEIN,SHEIN,Passwords,39086762,2018,Critical,True,False
Shitexpress,Shitexpress,Email addresses,23817,2022,Low,True,True
Shitexpress,Shitexpress,IP addresses,23817,2022,Low,True,True
Shitexpress,Shitexpress,Names,23817,2022,Low,True,True
Shitexpress,Shitexpress,Physical addresses,23817,2022,Low,True,True
Shitexpress,Shitexpress,Private messages,23817,2022,Low,True,True
Shitexpress,Shitexpress,Purchases,23817,2022,Low,True,True
ShockGore,ShockGore,Email addresses,73944,2020,Low,True,True
ShockGore,ShockGore,Genders,73944,2020,Low,True,True
ShockGore,ShockGore,IP addresses,73944,2020,Low,True,True
ShockGore,ShockGore,Passwords,73944,2020,Low,True,True
ShockGore,ShockGore,Private messages,73944,2020,Low,True,True
ShockGore,ShockGore,Usernames,73944,2020,Low,True,True
ShopBack,ShopBack,Email addresses,20529819,2020,Critical,True,False
ShopBack,ShopBack,Geographic locations,20529819,2020,Critical,True,False
ShopBack,ShopBack,Names,20529819,2020,Critical,True,False
ShopBack,ShopBack,Passwords,20529819,2020,Critical,True,False
ShopBack,ShopBack,Phone numbers,20529819,2020,Critical,True,False
ShopperPlus,Shopper+,Dates of birth,878290,2020,Medium,True,False
ShopperPlus,Shopper+,Email addresses,878290,2020,Medium,True,False
ShopperPlus,Shopper+,Genders,878290,2020,Medium,True,False
ShopperPlus,Shopper+,Names,878290,2020,Medium,True,False
ShopperPlus,Shopper+,Phone numbers,878290,2020,Medium,True,False
ShopperPlus,Shopper+,Physical addresses,878290,2020,Medium,True,False
ShopperPlus,Shopper+,Spoken languages,878290,2020,Medium,True,False
ShortEdition,Short Édition,Dates of birth,505466,2021,Medium,True,False
ShortEdition,Short Édition,Email addresses,505466,2021,Medium,True,False
ShortEdition,Short Édition,Genders,505466,2021,Medium,True,False
ShortEdition,Short Édition,Names,505466,2021,Medium,True,False
ShortEdition,Short Édition,Passwords,505466,2021,Medium,True,False
ShortEdition,Short Édition,Phone numbers,505466,2021,Medium,True,False
ShortEdition,Short Édition,Physical addresses,505466,2021,Medium,True,False
ShortEdition,Short Édition,Social media profiles,505466,2021,Medium,True,False
ShortEdition,Short Édition,Usernames,505466,2021,Medium,True,False
Shotbow,Shotbow,Email addresses,1052753,2016,High,True,False
Shotbow,Shotbow,Passwords,1052753,2016,High,True,False
Shotbow,Shotbow,Usernames,1052753,2016,High,True,False
SirHurt,SirHurt,Email addresses,90655,2021,Low,True,False
SirHurt,SirHurt,IP addresses,90655,2021,Low,True,False
SirHurt,SirHurt,Passwords,90655,2021,Low,True,False
SirHurt,SirHurt,Usernames,90655,2021,Low,True,False
SitePoint,SitePoint,Bios,1021790,2020,High,True,False
SitePoint,SitePoint,Email addresses,1021790,2020,High,True,False
SitePoint,SitePoint,IP addresses,1021790,2020,High,True,False
SitePoint,SitePoint,Names,1021790,2020,High,True,False
SitePoint,SitePoint,Passwords,1021790,2020,High,True,False
SitePoint,SitePoint,Usernames,1021790,2020,High,True,False
SkTorrent,SkTorrent,Email addresses,117070,2016,Medium,True,False
SkTorrent,SkTorrent,Passwords,117070,2016,Medium,True,False
SkTorrent,SkTorrent,Usernames,117070,2016,Medium,True,False
Slickwraps,Slickwraps,Email addresses,857611,2020,Medium,True,False
Slickwraps,Slickwraps,Names,857611,2020,Medium,True,False
Slickwraps,Slickwraps,Phone numbers,857611,2020,Medium,True,False
Slickwraps,Slickwraps,Physical addresses,857611,2020,Medium,True,False
Slickwraps,Slickwraps,Purchases,857611,2020,Medium,True,False
SlideTeam,SlideTeam,Email addresses,1464271,2021,High,True,False
SlideTeam,SlideTeam,Names,1464271,2021,High,True,False
SlideTeam,SlideTeam,Passwords,1464271,2021,High,True,False
Smogon,Smogon,Email addresses,386489,2017,Medium,True,False
Smogon,Smogon,Genders,386489,2017,Medium,True,False
Smogon,Smogon,Geographic locations,386489,2017,Medium,True,False
Smogon,Smogon,Passwords,386489,2017,Medium,True,False
Smogon,Smogon,Usernames,386489,2017,Medium,True,False
Smogon,Smogon,Website activity,386489,2017,Medium,True,False
Snail,Snail,Email addresses,1410899,2015,High,True,False
Snail,Snail,IP addresses,1410899,2015,High,True,False
Snail,Snail,Passwords,1410899,2015,High,True,False
Snail,Snail,Usernames,1410899,2015,High,True,False
Snapchat,Snapchat,Geographic locations,4609615,2014,High,True,False
Snapchat,Snapchat,Phone numbers,4609615,2014,High,True,False
Snapchat,Snapchat,Usernames,4609615,2014,High,True,False
SoarGames,SoarGames,Email addresses,4774445,2019,High,True,False
SoarGames,SoarGames,IP addresses,4774445,2019,High,True,False
SoarGames,SoarGames,Passwords,4774445,2019,High,True,False
SoarGames,SoarGames,Usernames,4774445,2019,High,True,False
SocialEngineered,Social Engineered,Email addresses,89392,2019,Low,True,False
SocialEngineered,Social Engineered,IP addresses,89392,2019,Low,True,False
SocialEngineered,Social Engineered,Passwords,89392,2019,Low,True,False
SocialEngineered,Social Engineered,Private messages,89392,2019,Low,True,False
SocialEngineered,Social Engineered,Usernames,89392,2019,Low,True,False
SIAE,Società Italiana degli Autori ed Editori,Email addresses,14609,2018,Low,True,False
SIAE,Società Italiana degli Autori ed Editori,IP addresses,14609,2018,Low,True,False
SIAE,Società Italiana degli Autori ed Editori,Names,14609,2018,Low,True,False
SIAE,Società Italiana degli Autori ed Editori,Passwords,14609,2018,Low,True,False
SIAE,Società Italiana degli Autori ed Editori,Phone numbers,14609,2018,Low,True,False
Sonicbids,Sonicbids,Email addresses,751700,2019,Medium,True,False
Sonicbids,Sonicbids,Names,751700,2019,Medium,True,False
Sonicbids,Sonicbids,Passwords,751700,2019,Medium,True,False
Sonicbids,Sonicbids,Usernames,751700,2019,Medium,True,False
Sony,Sony,Dates of birth,37103,2011,Low,True,False
Sony,Sony,Email addresses,37103,2011,Low,True,False
Sony,Sony,Genders,37103,2011,Low,True,False
Sony,Sony,Names,37103,2011,Low,True,False
Sony,Sony,Passwords,37103,2011,Low,True,False
Sony,Sony,Phone numbers,37103,2011,Low,True,False
Sony,Sony,Physical addresses,37103,2011,Low,True,False
Sony,Sony,Usernames,37103,2011,Low,True,False
Soundwave,Soundwave,Dates of birth,130705,2015,Medium,True,False
Soundwave,Soundwave,Email addresses,130705,2015,Medium,True,False
Soundwave,Soundwave,Genders,130705,2015,Medium,True,False
Soundwave,Soundwave,Geographic locations,130705,2015,Medium,True,False
Soundwave,Soundwave,Names,130705,2015,Medium,True,False
Soundwave,Soundwave,Passwords,130705,2015,Medium,True,False
Soundwave,Soundwave,Social connections,130705,2015,Medium,True,False
SpecialKSpamList,Special K Data Feed Spam List,Dates of birth,30741620,2015,Critical,True,False
SpecialKSpamList,Special K Data Feed Spam List,Email addresses,30741620,2015,Critical,True,False
SpecialKSpamList,Special K Data Feed Spam List,Genders,30741620,2015,Critical,True,False
SpecialKSpamList,Special K Data Feed Spam List,IP addresses,30741620,2015,Critical,True,False
SpecialKSpamList,Special K Data Feed Spam List,Names,30741620,2015,Critical,True,False
SpecialKSpamList,Special K Data Feed Spam List,Physical addresses,30741620,2015,Critical,True,False
Sphero,Sphero,Dates of birth,832255,2023,Medium,True,False
Sphero,Sphero,Email addresses,832255,2023,Medium,True,False
Sphero,Sphero,Geographic locations,832255,2023,Medium,True,False
Sphero,Sphero,Names,832255,2023,Medium,True,False
Sphero,Sphero,Usernames,832255,2023,Medium,True,False
Spirol,Spirol,Email addresses,55622,2014,Low,True,False
Spirol,Spirol,Employers,55622,2014,Low,True,False
Spirol,Spirol,Job titles,55622,2014,Low,True,False
Spirol,Spirol,Names,55622,2014,Low,True,False
Spirol,Spirol,Phone numbers,55622,2014,Low,True,False
Spirol,Spirol,Physical addresses,55622,2014,Low,True,False
Spoutible,Spoutible,Email addresses,207114,2024,Medium,True,False
Spoutible,Spoutible,Genders,207114,2024,Medium,True,False
Spoutible,Spoutible,IP addresses,207114,2024,Medium,True,False
Spoutible,Spoutible,Names,207114,2024,Medium,True,False
Spoutible,Spoutible,Passwords,207114,2024,Medium,True,False
Spoutible,Spoutible,Phone numbers,207114,2024,Medium,True,False
Spoutible,Spoutible,Usernames,207114,2024,Medium,True,False
SpyFone,SpyFone,Audio recordings,44109,2018,Low,True,False
SpyFone,SpyFone,Browsing histories,44109,2018,Low,True,False
SpyFone,SpyFone,Device information,44109,2018,Low,True,False
SpyFone,SpyFone,Email addresses,44109,2018,Low,True,False
SpyFone,SpyFone,Geographic locations,44109,2018,Low,True,False
SpyFone,SpyFone,IMEI numbers,44109,2018,Low,True,False
SpyFone,SpyFone,IP addresses,44109,2018,Low,True,False
SpyFone,SpyFone,Names,44109,2018,Low,True,False
SpyFone,SpyFone,Passwords,44109,2018,Low,True,False
SpyFone,SpyFone,Photos,44109,2018,Low,True,False
SpyFone,SpyFone,SMS messages,44109,2018,Low,True,False
Staminus,Staminus,Credit cards,26815,2016,Low,True,False
Staminus,Staminus,Email addresses,26815,2016,Low,True,False
Staminus,Staminus,IP addresses,26815,2016,Low,True,False
Staminus,Staminus,Passwords,26815,2016,Low,True,False
Staminus,Staminus,Support tickets,26815,2016,Low,True,False
Staminus,Staminus,Usernames,26815,2016,Low,True,False
StarNet,StarNet,Customer interactions,139395,2015,Medium,True,False
StarNet,StarNet,Dates of birth,139395,2015,Medium,True,False
StarNet,StarNet,Email addresses,139395,2015,Medium,True,False
StarNet,StarNet,Genders,139395,2015,Medium,True,False
StarNet,StarNet,IP addresses,139395,2015,Medium,True,False
StarNet,StarNet,MAC addresses,139395,2015,Medium,True,False
StarNet,StarNet,Names,139395,2015,Medium,True,False
StarNet,StarNet,Passport numbers,139395,2015,Medium,True,False
StarNet,StarNet,Passwords,139395,2015,Medium,True,False
StarNet,StarNet,Phone numbers,139395,2015,Medium,True,False
Start,START,Email addresses,7455386,2021,High,True,False
Start,START,Geographic locations,7455386,2021,High,True,False
Start,START,Names,7455386,2021,High,True,False
Start,START,Passwords,7455386,2021,High,True,False
StarTribune,StarTribune,Dates of birth,2192857,2019,High,True,False
StarTribune,StarTribune,Email addresses,2192857,2019,High,True,False
StarTribune,StarTribune,Genders,2192857,2019,High,True,False
StarTribune,StarTribune,Names,2192857,2019,High,True,False
StarTribune,StarTribune,Passwords,2192857,2019,High,True,False
StarTribune,StarTribune,Physical addresses,2192857,2019,High,True,False
StarTribune,StarTribune,Usernames,2192857,2019,High,True,False
SterKinekor,Ster-Kinekor,Dates of birth,1619544,2017,High,True,False
SterKinekor,Ster-Kinekor,Email addresses,1619544,2017,High,True,False
SterKinekor,Ster-Kinekor,Genders,1619544,2017,High,True,False
SterKinekor,Ster-Kinekor,Names,1619544,2017,High,True,False
SterKinekor,Ster-Kinekor,Passwords,1619544,2017,High,True,False
SterKinekor,Ster-Kinekor,Phone numbers,1619544,2017,High,True,False
SterKinekor,Ster-Kinekor,Physical addresses,1619544,2017,High,True,False
SterKinekor,Ster-Kinekor,Spoken languages,1619544,2017,High,True,False
StockX,StockX,Email addresses,6840339,2019,High,True,False
StockX,StockX,Names,6840339,2019,High,True,False
StockX,StockX,Passwords,6840339,2019,High,True,False
StockX,StockX,Physical addresses,6840339,2019,High,True,False
StockX,StockX,Purchases,6840339,2019,High,True,False
StockX,StockX,Usernames,6840339,2019,High,True,False
StoryBird,StoryBird,Email addresses,1047200,2015,High,True,False
StoryBird,StoryBird,Names,1047200,2015,High,True,False
StoryBird,StoryBird,Passwords,1047200,2015,High,True,False
StoryBird,StoryBird,Usernames,1047200,2015,High,True,False
Straffic,Straffic,Email addresses,48580249,2020,Critical,True,False
Straffic,Straffic,Genders,48580249,2020,Critical,True,False
Straffic,Straffic,Names,48580249,2020,Critical,True,False
Straffic,Straffic,Phone numbers,48580249,2020,Critical,True,False
Straffic,Straffic,Physical addresses,48580249,2020,Critical,True,False
Stratfor,Stratfor,Credit cards,859777,2011,Medium,True,False
Stratfor,Stratfor,Email addresses,859777,2011,Medium,True,False
Stratfor,Stratfor,Names,859777,2011,Medium,True,False
Stratfor,Stratfor,Passwords,859777,2011,Medium,True,False
Stratfor,Stratfor,Phone numbers,859777,2011,Medium,True,False
Stratfor,Stratfor,Physical addresses,859777,2011,Medium,True,False
Stratfor,Stratfor,Usernames,859777,2011,Medium,True,False
StreetEasy,StreetEasy,Email addresses,988230,2016,Medium,True,False
StreetEasy,StreetEasy,Names,988230,2016,Medium,True,False
StreetEasy,StreetEasy,Passwords,988230,2016,Medium,True,False
StreetEasy,StreetEasy,Usernames,988230,2016,Medium,True,False
Stripchat,Stripchat,Email addresses,10001355,2021,Critical,True,True
Stripchat,Stripchat,IP addresses,10001355,2021,Critical,True,True
Stripchat,Stripchat,Usernames,10001355,2021,Critical,True,True
StrongholdKingdoms,Stronghold Kingdoms,Email addresses,5187305,2018,High,True,False
StrongholdKingdoms,Stronghold Kingdoms,Passwords,5187305,2018,High,True,False
StrongholdKingdoms,Stronghold Kingdoms,Usernames,5187305,2018,High,True,False
SubaGames,SubaGames,Email addresses,6137666,2016,High,True,False
SubaGames,SubaGames,Passwords,6137666,2016,High,True,False
SubaGames,SubaGames,Usernames,6137666,2016,High,True,False
SumoTorrent,Sumo Torrent,Email addresses,285191,2014,Medium,True,False
SumoTorrent,Sumo Torrent,IP addresses,285191,2014,Medium,True,False
SumoTorrent,Sumo Torrent,Passwords,285191,2014,Medium,True,False
SumoTorrent,Sumo Torrent,Usernames,285191,2014,Medium,True,False
SumoTorrent,Sumo Torrent,Website activity,285191,2014,Medium,True,False
SundryFiles,Sundry Files,Email addresses,274461,2022,Medium,True,False
SundryFiles,Sundry Files,IP addresses,274461,2022,Medium,True,False
SundryFiles,Sundry Files,Passwords,274461,2022,Medium,True,False
SundryFiles,Sundry Files,Usernames,274461,2022,Medium,True,False
SuperVPNGeckoVPN,SuperVPN & GeckoVPN,Device information,20339937,2021,Critical,True,False
SuperVPNGeckoVPN,SuperVPN & GeckoVPN,Device serial numbers,20339937,2021,Critical,True,False
SuperVPNGeckoVPN,SuperVPN & GeckoVPN,Email addresses,20339937,2021,Critical,True,False
SuperVPNGeckoVPN,SuperVPN & GeckoVPN,Geographic locations,20339937,2021,Critical,True,False
SuperVPNGeckoVPN,SuperVPN & GeckoVPN,IMSI numbers,20339937,2021,Critical,True,False
SuperVPNGeckoVPN,SuperVPN & GeckoVPN,Login histories,20339937,2021,Critical,True,False
SurveyLama,SurveyLama,Dates of birth,4426879,2024,High,True,False
SurveyLama,SurveyLama,Email addresses,4426879,2024,High,True,False
SurveyLama,SurveyLama,IP addresses,4426879,2024,High,True,False
SurveyLama,SurveyLama,Names,4426879,2024,High,True,False
SurveyLama,SurveyLama,Passwords,4426879,2024,High,True,False
SurveyLama,SurveyLama,Phone numbers,4426879,2024,High,True,False
SurveyLama,SurveyLama,Physical addresses,4426879,2024,High,True,False
SvenskaMagic,SvenskaMagic,Email addresses,30327,2015,Low,True,False
SvenskaMagic,SvenskaMagic,Passwords,30327,2015,Low,True,False
SvenskaMagic,SvenskaMagic,Usernames,30327,2015,Low,True,False
SweClockers,SweClockers.com,Email addresses,254867,2015,Medium,True,False
SweClockers,SweClockers.com,Passwords,254867,2015,Medium,True,False
SweClockers,SweClockers.com,Usernames,254867,2015,Medium,True,False
SwordFantasy,SwordFantasy,Email addresses,2690657,2017,High,True,False
SwordFantasy,SwordFantasy,IP addresses,2690657,2017,High,True,False
SwordFantasy,SwordFantasy,Passwords,2690657,2017,High,True,False
SwordFantasy,SwordFantasy,Usernames,2690657,2017,High,True,False
Swvl,Swvl,Email addresses,4195918,2020,High,True,False
Swvl,Swvl,Names,4195918,2020,High,True,False
Swvl,Swvl,Partial credit card data,4195918,2020,High,True,False
Swvl,Swvl,Passwords,4195918,2020,High,True,False
Swvl,Swvl,Phone numbers,4195918,2020,High,True,False
Swvl,Swvl,Profile photos,4195918,2020,High,True,False
T2,T2,Dates of birth,94584,2024,Low,True,False
T2,T2,Email addresses,94584,2024,Low,True,False
T2,T2,Names,94584,2024,Low,True,False
T2,T2,Passwords,94584,2024,Low,True,False
T2,T2,Phone numbers,94584,2024,Low,True,False
T2,T2,Physical addresses,94584,2024,Low,True,False
T2,T2,Purchases,94584,2024,Low,True,False
T2,T2,Salutations,94584,2024,Low,True,False
TaiLieu,TaiLieu,Dates of birth,7327477,2019,High,True,False
TaiLieu,TaiLieu,Email addresses,7327477,2019,High,True,False
TaiLieu,TaiLieu,Genders,7327477,2019,High,True,False
TaiLieu,TaiLieu,Geographic locations,7327477,2019,High,True,False
TaiLieu,TaiLieu,Names,7327477,2019,High,True,False
TaiLieu,TaiLieu,Passwords,7327477,2019,High,True,False
TaiLieu,TaiLieu,Phone numbers,7327477,2019,High,True,False
TaiLieu,TaiLieu,Usernames,7327477,2019,High,True,False
Tamodo,Tamodo,Dates of birth,494945,2020,Medium,True,False
Tamodo,Tamodo,Email addresses,494945,2020,Medium,True,False
Tamodo,Tamodo,Genders,494945,2020,Medium,True,False
Tamodo,Tamodo,Geographic locations,494945,2020,Medium,True,False
Tamodo,Tamodo,IP addresses,494945,2020,Medium,True,False
Tamodo,Tamodo,Names,494945,2020,Medium,True,False
Tamodo,Tamodo,Passwords,494945,2020,Medium,True,False
Tangerine,Tangerine,Dates of birth,243462,2024,Medium,True,False
Tangerine,Tangerine,Email addresses,243462,2024,Medium,True,False
Tangerine,Tangerine,Names,243462,2024,Medium,True,False
Tangerine,Tangerine,Passwords,243462,2024,Medium,True,False
Tangerine,Tangerine,Phone numbers,243462,2024,Medium,True,False
Tangerine,Tangerine,Physical addresses,243462,2024,Medium,True,False
Tangerine,Tangerine,Salutations,243462,2024,Medium,True,False
Taobao,Taobao,Email addresses,21149008,2012,Critical,False,False
Taobao,Taobao,Passwords,21149008,2012,Critical,False,False
TAPAirPortugal,TAP Air Portugal,Dates of birth,6083479,2022,High,True,False
TAPAirPortugal,TAP Air Portugal,Email addresses,6083479,2022,High,True,False
TAPAirPortugal,TAP Air Portugal,Genders,6083479,2022,High,True,False
TAPAirPortugal,TAP Air Portugal,Names,6083479,2022,High,True,False
TAPAirPortugal,TAP Air Portugal,Nationalities,6083479,2022,High,True,False
TAPAirPortugal,TAP Air Portugal,Phone numbers,6083479,2022,High,True,False
TAPAirPortugal,TAP Air Portugal,Physical addresses,6083479,2022,High,True,False
TAPAirPortugal,TAP Air Portugal,Salutations,6083479,2022,High,True,False
TAPAirPortugal,TAP Air Portugal,Spoken languages,6083479,2022,High,True,False
Tappware,Tappware,Dates of birth,94734,2024,Low,True,False
Tappware,Tappware,Email addresses,94734,2024,Low,True,False
Tappware,Tappware,Genders,94734,2024,Low,True,False
Tappware,Tappware,Government issued IDs,94734,2024,Low,True,False
Tappware,Tappware,Job titles,94734,2024,Low,True,False
Tappware,Tappware,Names,94734,2024,Low,True,False
Tappware,Tappware,Phone numbers,94734,2024,Low,True,False
Tappware,Tappware,Physical addresses,94734,2024,Low,True,False
Tappware,Tappware,Religions,94734,2024,Low,True,False
Taringa,Taringa,Email addresses,27971100,2017,Critical,True,False
Taringa,Taringa,Passwords,27971100,2017,Critical,True,False
Taringa,Taringa,Usernames,27971100,2017,Critical,True,False
Solomid,Team SoloMid,Email addresses,442166,2014,Medium,True,False
Solomid,Team SoloMid,IP addresses,442166,2014,Medium,True,False
Solomid,Team SoloMid,Passwords,442166,2014,Medium,True,False
Solomid,Team SoloMid,Usernames,442166,2014,Medium,True,False
Technic,Technic,Chat logs,265410,2018,Medium,True,False
Technic,Technic,Email addresses,265410,2018,Medium,True,False
Technic,Technic,IP addresses,265410,2018,Medium,True,False
Technic,Technic,Passwords,265410,2018,Medium,True,False
Technic,Technic,Private messages,265410,2018,Medium,True,False
Technic,Technic,Time zones,265410,2018,Medium,True,False
Teespring,Teespring,Email addresses,8234193,2020,High,True,False
Teespring,Teespring,Geographic locations,8234193,2020,High,True,False
Teespring,Teespring,Names,8234193,2020,High,True,False
Teespring,Teespring,Social media profiles,8234193,2020,High,True,False
TRAI,Telecom Regulatory Authority of India,Email addresses,107776,2015,Medium,True,False
TRAI,Telecom Regulatory Authority of India,Email messages,107776,2015,Medium,True,False
TelegramCombolists,Telegram Combolists,Email addresses,361468099,2024,Critical,True,False
TelegramCombolists,Telegram Combolists,Passwords,361468099,2024,Critical,True,False
TelegramCombolists,Telegram Combolists,Usernames,361468099,2024,Critical,True,False
Teracod,Teracod,Avatars,97151,2016,Low,True,False
Teracod,Teracod,Email addresses,97151,2016,Low,True,False
Teracod,Teracod,IP addresses,97151,2016,Low,True,False
Teracod,Teracod,Passwords,97151,2016,Low,True,False
Teracod,Teracod,Payment histories,97151,2016,Low,True,False
Teracod,Teracod,Private messages,97151,2016,Low,True,False
Teracod,Teracod,Usernames,97151,2016,Low,True,False
Teracod,Teracod,Website activity,97151,2016,Low,True,False
Terravision,Terravision,Dates of birth,2075625,2023,High,True,False
Terravision,Terravision,Email addresses,2075625,2023,High,True,False
Terravision,Terravision,Geographic locations,2075625,2023,High,True,False
Terravision,Terravision,Names,2075625,2023,High,True,False
Terravision,Terravision,Passwords,2075625,2023,High,True,False
Terravision,Terravision,Phone numbers,2075625,2023,High,True,False
Tesco,Tesco,Email addresses,2239,2014,Low,True,False
Tesco,Tesco,Passwords,2239,2014,Low,True,False
Tesco,Tesco,Reward program balances,2239,2014,Low,True,False
TGBUS,TGBUS,Email addresses,10371766,2017,Critical,False,False
TGBUS,TGBUS,Passwords,10371766,2017,Critical,False,False
TGBUS,TGBUS,Usernames,10371766,2017,Critical,False,False
TheCandidBoard,The Candid Board,Dates of birth,178201,2015,Medium,True,True
TheCandidBoard,The Candid Board,Email addresses,178201,2015,Medium,True,True
TheCandidBoard,The Candid Board,Geographic locations,178201,2015,Medium,True,True
TheCandidBoard,The Candid Board,IP addresses,178201,2015,Medium,True,True
TheCandidBoard,The Candid Board,Passwords,178201,2015,Medium,True,True
TheCandidBoard,The Candid Board,Usernames,178201,2015,Medium,True,True
TheCandidBoard,The Candid Board,Website activity,178201,2015,Medium,True,True
TheFappening,The Fappening,Email addresses,179030,2015,Medium,True,True
TheFappening,The Fappening,Passwords,179030,2015,Medium,True,True
TheFappening,The Fappening,Usernames,179030,2015,Medium,True,True
TheFlyOnTheWall,The Fly on the Wall,Age groups,84011,2017,Low,True,False
TheFlyOnTheWall,The Fly on the Wall,Credit cards,84011,2017,Low,True,False
TheFlyOnTheWall,The Fly on the Wall,Email addresses,84011,2017,Low,True,False
TheFlyOnTheWall,The Fly on the Wall,Genders,84011,2017,Low,True,False
TheFlyOnTheWall,The Fly on the Wall,Names,84011,2017,Low,True,False
TheFlyOnTheWall,The Fly on the Wall,Passwords,84011,2017,Low,True,False
TheFlyOnTheWall,The Fly on the Wall,Phone numbers,84011,2017,Low,True,False
TheFlyOnTheWall,The Fly on the Wall,Physical addresses,84011,2017,Low,True,False
TheFlyOnTheWall,The Fly on the Wall,Purchases,84011,2017,Low,True,False
TheFlyOnTheWall,The Fly on the Wall,Usernames,84011,2017,Low,True,False
HalloweenSpot,The Halloween Spot,Email addresses,10653,2019,Low,True,False
HalloweenSpot,The Halloween Spot,IP addresses,10653,2019,Low,True,False
HalloweenSpot,The Halloween Spot,Names,10653,2019,Low,True,False
HalloweenSpot,The Halloween Spot,Phone numbers,10653,2019,Low,True,False
HalloweenSpot,The Halloween Spot,Physical addresses,10653,2019,Low,True,False
HalloweenSpot,The Halloween Spot,Purchases,10653,2019,Low,True,False
KodiFoundation,The Kodi Foundation,Browser user agent details,400635,2023,Medium,True,False
KodiFoundation,The Kodi Foundation,Dates of birth,400635,2023,Medium,True,False
KodiFoundation,The Kodi Foundation,Email addresses,400635,2023,Medium,True,False
KodiFoundation,The Kodi Foundation,IP addresses,400635,2023,Medium,True,False
KodiFoundation,The Kodi Foundation,Passwords,400635,2023,Medium,True,False
KodiFoundation,The Kodi Foundation,Private messages,400635,2023,Medium,True,False
KodiFoundation,The Kodi Foundation,Usernames,400635,2023,Medium,True,False
ThePostMillennial,The Post Millennial,Email addresses,56973345,2024,Critical,True,False
ThePostMillennial,The Post Millennial,Genders,56973345,2024,Critical,True,False
ThePostMillennial,The Post Millennial,IP addresses,56973345,2024,Critical,True,False
ThePostMillennial,The Post Millennial,Names,56973345,2024,Critical,True,False
ThePostMillennial,The Post Millennial,Passwords,56973345,2024,Critical,True,False
ThePostMillennial,The Post Millennial,Phone numbers,56973345,2024,Critical,True,False
ThePostMillennial,The Post Millennial,Physical addresses,56973345,2024,Critical,True,False
ThePostMillennial,The Post Millennial,Usernames,56973345,2024,Critical,True,False
TheGradCafe,TheGradCafe,Email addresses,310975,2023,Medium,True,False
TheGradCafe,TheGradCafe,Genders,310975,2023,Medium,True,False
TheGradCafe,TheGradCafe,Geographic locations,310975,2023,Medium,True,False
TheGradCafe,TheGradCafe,IP addresses,310975,2023,Medium,True,False
TheGradCafe,TheGradCafe,Names,310975,2023,Medium,True,False
TheGradCafe,TheGradCafe,Passwords,310975,2023,Medium,True,False
TheGradCafe,TheGradCafe,Phone numbers,310975,2023,Medium,True,False
TheGradCafe,TheGradCafe,Physical addresses,310975,2023,Medium,True,False
TheGradCafe,TheGradCafe,Usernames,310975,2023,Medium,True,False
TheTVDB,TheTVDB.com,Email addresses,181871,2017,Medium,True,False
TheTVDB,TheTVDB.com,Passwords,181871,2017,Medium,True,False
TheTVDB,TheTVDB.com,Usernames,181871,2017,Medium,True,False
Thingiverse,Thingiverse,Dates of birth,228102,2020,Medium,True,False
Thingiverse,Thingiverse,Email addresses,228102,2020,Medium,True,False
Thingiverse,Thingiverse,IP addresses,228102,2020,Medium,True,False
Thingiverse,Thingiverse,Names,228102,2020,Medium,True,False
Thingiverse,Thingiverse,Passwords,228102,2020,Medium,True,False
Thingiverse,Thingiverse,Physical addresses,228102,2020,Medium,True,False
Thingiverse,Thingiverse,Usernames,228102,2020,Medium,True,False
ThisHabboForum,ThisHabbo Forum,Email addresses,612414,2014,Medium,True,False
ThisHabboForum,ThisHabbo Forum,IP addresses,612414,2014,Medium,True,False
ThisHabboForum,ThisHabbo Forum,Passwords,612414,2014,Medium,True,False
ThisHabboForum,ThisHabbo Forum,Usernames,612414,2014,Medium,True,False
Tianya,Tianya,Email addresses,29020808,2011,Critical,True,False
Tianya,Tianya,Names,29020808,2011,Critical,True,False
Tianya,Tianya,Usernames,29020808,2011,Critical,True,False
Ticketcounter,Ticketcounter,Bank account numbers,1921722,2021,High,True,False
Ticketcounter,Ticketcounter,Dates of birth,1921722,2021,High,True,False
Ticketcounter,Ticketcounter,Email addresses,1921722,2021,High,True,False
Ticketcounter,Ticketcounter,Genders,1921722,2021,High,True,False
Ticketcounter,Ticketcounter,IP addresses,1921722,2021,High,True,False
Ticketcounter,Ticketcounter,Names,1921722,2021,High,True,False
Ticketcounter,Ticketcounter,Payment histories,1921722,2021,High,True,False
Ticketcounter,Ticketcounter,Phone numbers,1921722,2021,High,True,False
Ticketcounter,Ticketcounter,Physical addresses,1921722,2021,High,True,False
Ticketfly,Ticketfly,Email addresses,26151608,2018,Critical,True,False
Ticketfly,Ticketfly,Names,26151608,2018,Critical,True,False
Ticketfly,Ticketfly,Phone numbers,26151608,2018,Critical,True,False
Ticketfly,Ticketfly,Physical addresses,26151608,2018,Critical,True,False
Tigo,Tigo,Device information,700394,2023,Medium,True,False
Tigo,Tigo,Email addresses,700394,2023,Medium,True,False
Tigo,Tigo,Genders,700394,2023,Medium,True,False
Tigo,Tigo,Geographic locations,700394,2023,Medium,True,False
Tigo,Tigo,IP addresses,700394,2023,Medium,True,False
Tigo,Tigo,Names,700394,2023,Medium,True,False
Tigo,Tigo,Private messages,700394,2023,Medium,True,False
Tigo,Tigo,Profile photos,700394,2023,Medium,True,False
Tigo,Tigo,Usernames,700394,2023,Medium,True,False
Tokopedia,Tokopedia,Dates of birth,71443698,2020,Critical,True,False
Tokopedia,Tokopedia,Email addresses,71443698,2020,Critical,True,False
Tokopedia,Tokopedia,Genders,71443698,2020,Critical,True,False
Tokopedia,Tokopedia,Names,71443698,2020,Critical,True,False
Tokopedia,Tokopedia,Passwords,71443698,2020,Critical,True,False
ToonDoo,ToonDoo,Email addresses,6002694,2019,High,True,False
ToonDoo,ToonDoo,Genders,6002694,2019,High,True,False
ToonDoo,ToonDoo,Geographic locations,6002694,2019,High,True,False
ToonDoo,ToonDoo,IP addresses,6002694,2019,High,True,False
ToonDoo,ToonDoo,Passwords,6002694,2019,High,True,False
ToonDoo,ToonDoo,Usernames,6002694,2019,High,True,False
TorrentInvites,Torrent Invites,Dates of birth,352120,2013,Medium,True,False
TorrentInvites,Torrent Invites,Email addresses,352120,2013,Medium,True,False
TorrentInvites,Torrent Invites,IP addresses,352120,2013,Medium,True,False
TorrentInvites,Torrent Invites,Passwords,352120,2013,Medium,True,False
TorrentInvites,Torrent Invites,Usernames,352120,2013,Medium,True,False
TorrentInvites,Torrent Invites,Website activity,352120,2013,Medium,True,False
Toumei,Toumei,Email addresses,76682,2023,Low,True,False
Toumei,Toumei,Names,76682,2023,Low,True,False
Toumei,Toumei,Phone numbers,76682,2023,Low,True,False
Toumei,Toumei,Physical addresses,76682,2023,Low,True,False
Tout,Tout,Bios,652683,2014,Medium,True,False
Tout,Tout,Email addresses,652683,2014,Medium,True,False
Tout,Tout,Geographic locations,652683,2014,Medium,True,False
Tout,Tout,IP addresses,652683,2014,Medium,True,False
Tout,Tout,Names,652683,2014,Medium,True,False
Tout,Tout,Passwords,652683,2014,Medium,True,False
Tout,Tout,Usernames,652683,2014,Medium,True,False
TravelOK,Travel Oklahoma,Age groups,637279,2020,Medium,True,False
TravelOK,Travel Oklahoma,Dates of birth,637279,2020,Medium,True,False
TravelOK,Travel Oklahoma,Email addresses,637279,2020,Medium,True,False
TravelOK,Travel Oklahoma,Genders,637279,2020,Medium,True,False
TravelOK,Travel Oklahoma,Names,637279,2020,Medium,True,False
TravelOK,Travel Oklahoma,Physical addresses,637279,2020,Medium,True,False
Travelio,Travelio,Auth tokens,471376,2021,Medium,True,False
Travelio,Travelio,Dates of birth,471376,2021,Medium,True,False
Travelio,Travelio,Email addresses,471376,2021,Medium,True,False
Travelio,Travelio,Names,471376,2021,Medium,True,False
Travelio,Travelio,Passwords,471376,2021,Medium,True,False
Travelio,Travelio,Phone numbers,471376,2021,Medium,True,False
Travelio,Travelio,Physical addresses,471376,2021,Medium,True,False
Trello,Trello,Email addresses,15111945,2024,Critical,True,False
Trello,Trello,Names,15111945,2024,Critical,True,False
Trello,Trello,Usernames,15111945,2024,Critical,True,False
TrikSpamBotnet,Trik Spam Botnet,Email addresses,43432346,2018,Critical,True,False
Trillian,Trillian,Dates of birth,3827238,2015,High,True,False
Trillian,Trillian,Email addresses,3827238,2015,High,True,False
Trillian,Trillian,IP addresses,3827238,2015,High,True,False
Trillian,Trillian,Names,3827238,2015,High,True,False
Trillian,Trillian,Passwords,3827238,2015,High,True,False
Trillian,Trillian,Usernames,3827238,2015,High,True,False
TruckersMP,TruckersMP,Email addresses,83957,2016,Low,True,False
TruckersMP,TruckersMP,Passwords,83957,2016,Low,True,False
TruckersMP,TruckersMP,Usernames,83957,2016,Low,True,False
TrueFire,TrueFire,Account balances,599667,2020,Medium,True,False
TrueFire,TrueFire,Dates of birth,599667,2020,Medium,True,False
TrueFire,TrueFire,Email addresses,599667,2020,Medium,True,False
TrueFire,TrueFire,Names,599667,2020,Medium,True,False
TrueFire,TrueFire,Passwords,599667,2020,Medium,True,False
TrueFire,TrueFire,Phone numbers,599667,2020,Medium,True,False
TrueFire,TrueFire,Physical addresses,599667,2020,Medium,True,False
TrueFire,TrueFire,Usernames,599667,2020,Medium,True,False
TruthFinder,Truth Finder,Email addresses,8159573,2019,High,True,False
TruthFinder,Truth Finder,Names,8159573,2019,High,True,False
TruthFinder,Truth Finder,Passwords,8159573,2019,High,True,False
TruthFinder,Truth Finder,Phone numbers,8159573,2019,High,True,False
Tumblr,tumblr,Email addresses,65469298,2013,Critical,True,False
Tumblr,tumblr,Passwords,65469298,2013,Critical,True,False
TunedGlobal,Tuned Global,Email addresses,985586,2016,Medium,True,False
TunedGlobal,Tuned Global,Names,985586,2016,Medium,True,False
TunedGlobal,Tuned Global,Passwords,985586,2016,Medium,True,False
TunedGlobal,Tuned Global,Phone numbers,985586,2016,Medium,True,False
TunedGlobal,Tuned Global,Physical addresses,985586,2016,Medium,True,False
Tunngle,Tunngle,Email addresses,8192928,2016,High,True,False
Tunngle,Tunngle,IP addresses,8192928,2016,High,True,False
Tunngle,Tunngle,Passwords,8192928,2016,High,True,False
Tunngle,Tunngle,Usernames,8192928,2016,High,True,False
Twitter,Twitter,Bios,6682453,2022,High,True,False
Twitter,Twitter,Email addresses,6682453,2022,High,True,False
Twitter,Twitter,Geographic locations,6682453,2022,High,True,False
Twitter,Twitter,Names,6682453,2022,High,True,False
Twitter,Twitter,Phone numbers,6682453,2022,High,True,False
Twitter,Twitter,Profile photos,6682453,2022,High,True,False
Twitter,Twitter,Usernames,6682453,2022,High,True,False
Twitter200M,Twitter (200M),Email addresses,211524284,2021,Critical,True,False
Twitter200M,Twitter (200M),Names,211524284,2021,Critical,True,False
Twitter200M,Twitter (200M),Social media profiles,211524284,2021,Critical,True,False
Twitter200M,Twitter (200M),Usernames,211524284,2021,Critical,True,False
Uiggy,Uiggy,Email addresses,2682650,2016,High,True,False
Uiggy,Uiggy,Genders,2682650,2016,High,True,False
Uiggy,Uiggy,Names,2682650,2016,High,True,False
Uiggy,Uiggy,Social connections,2682650,2016,High,True,False
Uiggy,Uiggy,Website activity,2682650,2016,High,True,False
Ulmon,Ulmon,Bios,777769,2020,Medium,True,False
Ulmon,Ulmon,Email addresses,777769,2020,Medium,True,False
Ulmon,Ulmon,Names,777769,2020,Medium,True,False
Ulmon,Ulmon,Passwords,777769,2020,Medium,True,False
Ulmon,Ulmon,Phone numbers,777769,2020,Medium,True,False
Ulmon,Ulmon,Social media profiles,777769,2020,Medium,True,False
IGF,UN Internet Governance Forum,Email addresses,3200,2014,Low,True,False
IGF,UN Internet Governance Forum,Names,3200,2014,Low,True,False
IGF,UN Internet Governance Forum,Passwords,3200,2014,Low,True,False
IGF,UN Internet Governance Forum,Usernames,3200,2014,Low,True,False
UnderworldEmpire,Underworld Empire,Email addresses,428779,2017,Medium,True,False
UnderworldEmpire,Underworld Empire,IP addresses,428779,2017,Medium,True,False
UnderworldEmpire,Underworld Empire,Passwords,428779,2017,Medium,True,False
UnderworldEmpire,Underworld Empire,Usernames,428779,2017,Medium,True,False
UnicoCampania,Unico Campania,Email addresses,166031,2020,Medium,True,False
UnicoCampania,Unico Campania,Passwords,166031,2020,Medium,True,False
Universarium,Universarium,Email addresses,564962,2019,Medium,True,False
Universarium,Universarium,Passwords,564962,2019,Medium,True,False
UC,University of California,Dates of birth,547422,2020,Medium,True,False
UC,University of California,Education levels,547422,2020,Medium,True,False
UC,University of California,Email addresses,547422,2020,Medium,True,False
UC,University of California,Ethnicities,547422,2020,Medium,True,False
UC,University of California,Genders,547422,2020,Medium,True,False
UC,University of California,Job titles,547422,2020,Medium,True,False
UC,University of California,Names,547422,2020,Medium,True,False
UC,University of California,Phone numbers,547422,2020,Medium,True,False
UC,University of California,Physical addresses,547422,2020,Medium,True,False
UC,University of California,Social security numbers,547422,2020,Medium,True,False
UnrealEngine,Unreal Engine,Email addresses,530147,2016,Medium,True,False
UnrealEngine,Unreal Engine,Passwords,530147,2016,Medium,True,False
UnrealEngine,Unreal Engine,Usernames,530147,2016,Medium,True,False
Astoria,Unverified Data Source,Bank account numbers,11498146,2021,Critical,False,False
Astoria,Unverified Data Source,Credit status information,11498146,2021,Critical,False,False
Astoria,Unverified Data Source,Dates of birth,11498146,2021,Critical,False,False
Astoria,Unverified Data Source,Email addresses,11498146,2021,Critical,False,False
Astoria,Unverified Data Source,Employers,11498146,2021,Critical,False,False
Astoria,Unverified Data Source,Health insurance information,11498146,2021,Critical,False,False
Astoria,Unverified Data Source,Income levels,11498146,2021,Critical,False,False
Astoria,Unverified Data Source,IP addresses,11498146,2021,Critical,False,False
Astoria,Unverified Data Source,Names,11498146,2021,Critical,False,False
Astoria,Unverified Data Source,Personal health data,11498146,2021,Critical,False,False
Astoria,Unverified Data Source,Phone numbers,11498146,2021,Critical,False,False
Astoria,Unverified Data Source,Physical addresses,11498146,2021,Critical,False,False
Astoria,Unverified Data Source,Smoking habits,11498146,2021,Critical,False,False
Astoria,Unverified Data Source,Social security numbers,11498146,2021,Critical,False,False
Upstox,Upstox,Bank account numbers,111002,2021,Medium,True,False
Upstox,Upstox,Dates of birth,111002,2021,Medium,True,False
Upstox,Upstox,Email addresses,111002,2021,Medium,True,False
Upstox,Upstox,Family members' names,111002,2021,Medium,True,False
Upstox,Upstox,Genders,111002,2021,Medium,True,False
Upstox,Upstox,Government issued IDs,111002,2021,Medium,True,False
Upstox,Upstox,Income levels,111002,2021,Medium,True,False
Upstox,Upstox,Marital statuses,111002,2021,Medium,True,False
Upstox,Upstox,Nationalities,111002,2021,Medium,True,False
Upstox,Upstox,Occupations,111002,2021,Medium,True,False
Upstox,Upstox,Passwords,111002,2021,Medium,True,False
Upstox,Upstox,Phone numbers,111002,2021,Medium,True,False
Upstox,Upstox,Physical addresses,111002,2021,Medium,True,False
UtahGunExchange,Utah Gun Exchange,Email addresses,235233,2020,Medium,True,False
UtahGunExchange,Utah Gun Exchange,Genders,235233,2020,Medium,True,False
UtahGunExchange,Utah Gun Exchange,IP addresses,235233,2020,Medium,True,False
UtahGunExchange,Utah Gun Exchange,Passwords,235233,2020,Medium,True,False
UtahGunExchange,Utah Gun Exchange,Usernames,235233,2020,Medium,True,False
uTorrent,uTorrent,Email addresses,395044,2016,Medium,True,False
uTorrent,uTorrent,Passwords,395044,2016,Medium,True,False
uTorrent,uTorrent,Usernames,395044,2016,Medium,True,False
uuu9,uuu9,Email addresses,7485802,2016,High,False,False
uuu9,uuu9,Passwords,7485802,2016,High,False,False
uuu9,uuu9,Usernames,7485802,2016,High,False,False
Vakinha,Vakinha,Dates of birth,4775203,2020,High,True,False
Vakinha,Vakinha,Email addresses,4775203,2020,High,True,False
Vakinha,Vakinha,IP addresses,4775203,2020,High,True,False
Vakinha,Vakinha,Names,4775203,2020,High,True,False
Vakinha,Vakinha,Passwords,4775203,2020,High,True,False
Vakinha,Vakinha,Phone numbers,4775203,2020,High,True,False
Vastaamo,Vastaamo,Email addresses,30433,2019,Low,True,True
Vastaamo,Vastaamo,Names,30433,2019,Low,True,True
Vastaamo,Vastaamo,Personal health data,30433,2019,Low,True,True
Vastaamo,Vastaamo,Social security numbers,30433,2019,Low,True,True
VBulletin,vBulletin,Dates of birth,518966,2015,Medium,True,False
VBulletin,vBulletin,Email addresses,518966,2015,Medium,True,False
VBulletin,vBulletin,Homepage URLs,518966,2015,Medium,True,False
VBulletin,vBulletin,Instant messenger identities,518966,2015,Medium,True,False
VBulletin,vBulletin,IP addresses,518966,2015,Medium,True,False
VBulletin,vBulletin,Passwords,518966,2015,Medium,True,False
VBulletin,vBulletin,Security questions and answers,518966,2015,Medium,True,False
VBulletin,vBulletin,Spoken languages,518966,2015,Medium,True,False
VBulletin,vBulletin,Website activity,518966,2015,Medium,True,False
Vedantu,Vedantu,Browser user agent details,686899,2019,Medium,True,False
Vedantu,Vedantu,Email addresses,686899,2019,Medium,True,False
Vedantu,Vedantu,Genders,686899,2019,Medium,True,False
Vedantu,Vedantu,IP addresses,686899,2019,Medium,True,False
Vedantu,Vedantu,Names,686899,2019,Medium,True,False
Vedantu,Vedantu,Passwords,686899,2019,Medium,True,False
Vedantu,Vedantu,Phone numbers,686899,2019,Medium,True,False
Vedantu,Vedantu,Spoken languages,686899,2019,Medium,True,False
Vedantu,Vedantu,Time zones,686899,2019,Medium,True,False
Vedantu,Vedantu,Website activity,686899,2019,Medium,True,False
VerificationsIO,Verifications.io,Dates of birth,763117241,2019,Critical,True,False
VerificationsIO,Verifications.io,Email addresses,763117241,2019,Critical,True,False
VerificationsIO,Verifications.io,Employers,763117241,2019,Critical,True,False
VerificationsIO,Verifications.io,Genders,763117241,2019,Critical,True,False
VerificationsIO,Verifications.io,Geographic locations,763117241,2019,Critical,True,False
VerificationsIO,Verifications.io,IP addresses,763117241,2019,Critical,True,False
VerificationsIO,Verifications.io,Job titles,763117241,2019,Critical,True,False
VerificationsIO,Verifications.io,Names,763117241,2019,Critical,True,False
VerificationsIO,Verifications.io,Phone numbers,763117241,2019,Critical,True,False
VerificationsIO,Verifications.io,Physical addresses,763117241,2019,Critical,True,False
Verified,Verified,Email addresses,16919,2014,Low,True,False
Verified,Verified,Historical passwords,16919,2014,Low,True,False
Verified,Verified,IP addresses,16919,2014,Low,True,False
Verified,Verified,Passwords,16919,2014,Low,True,False
Verified,Verified,Private messages,16919,2014,Low,True,False
Verified,Verified,Usernames,16919,2014,Low,True,False
Verified,Verified,Website activity,16919,2014,Low,True,False
Vermillion,Vermillion,Dates of birth,8106,2014,Low,True,False
Vermillion,Vermillion,Email addresses,8106,2014,Low,True,False
Vermillion,Vermillion,IP addresses,8106,2014,Low,True,False
Vermillion,Vermillion,Passwords,8106,2014,Low,True,False
Vermillion,Vermillion,Usernames,8106,2014,Low,True,False
Vianet,Vianet,Email addresses,94353,2020,Low,True,False
Vianet,Vianet,Names,94353,2020,Low,True,False
Vianet,Vianet,Phone numbers,94353,2020,Low,True,False
Vianet,Vianet,Physical addresses,94353,2020,Low,True,False
VictoryPhones,Victory Phones,Dates of birth,166046,2017,Medium,True,False
VictoryPhones,Victory Phones,Email addresses,166046,2017,Medium,True,False
VictoryPhones,Victory Phones,IP addresses,166046,2017,Medium,True,False
VictoryPhones,Victory Phones,Names,166046,2017,Medium,True,False
VictoryPhones,Victory Phones,Phone numbers,166046,2017,Medium,True,False
VictoryPhones,Victory Phones,Physical addresses,166046,2017,Medium,True,False
ViewFines,ViewFines,Email addresses,777649,2018,Medium,True,False
ViewFines,ViewFines,Government issued IDs,777649,2018,Medium,True,False
ViewFines,ViewFines,Names,777649,2018,Medium,True,False
ViewFines,ViewFines,Passwords,777649,2018,Medium,True,False
ViewFines,ViewFines,Phone numbers,777649,2018,Medium,True,False
VivaAir,Viva Air,Email addresses,932232,2022,Medium,True,False
VivaAir,Viva Air,IP addresses,932232,2022,Medium,True,False
VivaAir,Viva Air,Names,932232,2022,Medium,True,False
VivaAir,Viva Air,Partial credit card data,932232,2022,Medium,True,False
VivaAir,Viva Air,Phone numbers,932232,2022,Medium,True,False
VivaAir,Viva Air,Physical addresses,932232,2022,Medium,True,False
VivaAir,Viva Air,Purchases,932232,2022,Medium,True,False
VK,VK,Email addresses,93338602,2012,Critical,True,False
VK,VK,Names,93338602,2012,Critical,True,False
VK,VK,Passwords,93338602,2012,Critical,True,False
VK,VK,Phone numbers,93338602,2012,Critical,True,False
VNG,VNG,Dates of birth,24853850,2015,Critical,True,False
VNG,VNG,Email addresses,24853850,2015,Critical,True,False
VNG,VNG,Genders,24853850,2015,Critical,True,False
VNG,VNG,IP addresses,24853850,2015,Critical,True,False
VNG,VNG,Marital statuses,24853850,2015,Critical,True,False
VNG,VNG,Names,24853850,2015,Critical,True,False
VNG,VNG,Occupations,24853850,2015,Critical,True,False
VNG,VNG,Passwords,24853850,2015,Critical,True,False
VNG,VNG,Phone numbers,24853850,2015,Critical,True,False
VNG,VNG,Physical addresses,24853850,2015,Critical,True,False
VNG,VNG,Usernames,24853850,2015,Critical,True,False
Vodafone,Vodafone,Credit cards,56021,2013,Low,True,False
Vodafone,Vodafone,Email addresses,56021,2013,Low,True,False
Vodafone,Vodafone,Government issued IDs,56021,2013,Low,True,False
Vodafone,Vodafone,IP addresses,56021,2013,Low,True,False
Vodafone,Vodafone,Names,56021,2013,Low,True,False
Vodafone,Vodafone,Passwords,56021,2013,Low,True,False
Vodafone,Vodafone,Phone numbers,56021,2013,Low,True,False
Vodafone,Vodafone,Physical addresses,56021,2013,Low,True,False
Vodafone,Vodafone,Purchases,56021,2013,Low,True,False
Vodafone,Vodafone,SMS messages,56021,2013,Low,True,False
Vodafone,Vodafone,Usernames,56021,2013,Low,True,False
VoidTO,Void.to,Email addresses,95431,2019,Low,True,False
VoidTO,Void.to,IP addresses,95431,2019,Low,True,False
VoidTO,Void.to,Passwords,95431,2019,Low,True,False
VoidTO,Void.to,Private messages,95431,2019,Low,True,False
VoidTO,Void.to,Usernames,95431,2019,Low,True,False
VTech,VTech,Dates of birth,4833678,2015,High,True,False
VTech,VTech,Email addresses,4833678,2015,High,True,False
VTech,VTech,Family members' names,4833678,2015,High,True,False
VTech,VTech,Genders,4833678,2015,High,True,False
VTech,VTech,IP addresses,4833678,2015,High,True,False
VTech,VTech,Names,4833678,2015,High,True,False
VTech,VTech,Passwords,4833678,2015,High,True,False
VTech,VTech,Physical addresses,4833678,2015,High,True,False
VTech,VTech,Security questions and answers,4833678,2015,High,True,False
VTech,VTech,Usernames,4833678,2015,High,True,False
VTech,VTech,Website activity,4833678,2015,High,True,False
VTightGel,V-Tight Gel,Email addresses,2013164,2016,High,False,True
VTightGel,V-Tight Gel,IP addresses,2013164,2016,High,False,True
VTightGel,V-Tight Gel,Names,2013164,2016,High,False,True
VTightGel,V-Tight Gel,Phone numbers,2013164,2016,High,False,True
VTightGel,V-Tight Gel,Physical addresses,2013164,2016,High,False,True
Wakanim,Wakanim,Browser user agent details,6706951,2022,High,True,False
Wakanim,Wakanim,Email addresses,6706951,2022,High,True,False
Wakanim,Wakanim,IP addresses,6706951,2022,High,True,False
Wakanim,Wakanim,Names,6706951,2022,High,True,False
Wakanim,Wakanim,Physical addresses,6706951,2022,High,True,False
Wakanim,Wakanim,Usernames,6706951,2022,High,True,False
Wanelo,Wanelo,Email addresses,23165793,2018,Critical,True,False
Wanelo,Wanelo,IP addresses,23165793,2018,Critical,True,False
Wanelo,Wanelo,Names,23165793,2018,Critical,True,False
Wanelo,Wanelo,Passwords,23165793,2018,Critical,True,False
Wanelo,Wanelo,Physical addresses,23165793,2018,Critical,True,False
WarInc,War Inc.,Email addresses,1020136,2012,High,True,False
WarInc,War Inc.,Passwords,1020136,2012,High,True,False
WarInc,War Inc.,Usernames,1020136,2012,High,True,False
WarInc,War Inc.,Website activity,1020136,2012,High,True,False
Warframe,Warframe,Email addresses,819478,2014,Medium,True,False
Warframe,Warframe,Usernames,819478,2014,Medium,True,False
Warframe,Warframe,Website activity,819478,2014,Medium,True,False
Warmane,Warmane,Dates of birth,1116256,2016,High,True,False
Warmane,Warmane,Email addresses,1116256,2016,High,True,False
Warmane,Warmane,Passwords,1116256,2016,High,True,False
Warmane,Warmane,Usernames,1116256,2016,High,True,False
WashingtonStateFoodWorkerCard,Washington State Food Worker Card,Dates of birth,1594305,2022,High,True,False
WashingtonStateFoodWorkerCard,Washington State Food Worker Card,Driver's licenses,1594305,2022,High,True,False
WashingtonStateFoodWorkerCard,Washington State Food Worker Card,Email addresses,1594305,2022,High,True,False
WashingtonStateFoodWorkerCard,Washington State Food Worker Card,Geographic locations,1594305,2022,High,True,False
WashingtonStateFoodWorkerCard,Washington State Food Worker Card,Names,1594305,2022,High,True,False
Wattpad,Wattpad,Bios,268765495,2020,Critical,True,False
Wattpad,Wattpad,Dates of birth,268765495,2020,Critical,True,False
Wattpad,Wattpad,Email addresses,268765495,2020,Critical,True,False
Wattpad,Wattpad,Genders,268765495,2020,Critical,True,False
Wattpad,Wattpad,Geographic locations,268765495,2020,Critical,True,False
Wattpad,Wattpad,IP addresses,268765495,2020,Critical,True,False
Wattpad,Wattpad,Names,268765495,2020,Critical,True,False
Wattpad,Wattpad,Passwords,268765495,2020,Critical,True,False
Wattpad,Wattpad,Social media profiles,268765495,2020,Critical,True,False
Wattpad,Wattpad,User website URLs,268765495,2020,Critical,True,False
Wattpad,Wattpad,Usernames,268765495,2020,Critical,True,False
WeHeartIt,We Heart It,Email addresses,8600635,2013,High,True,False
WeHeartIt,We Heart It,Passwords,8600635,2013,High,True,False
WeHeartIt,We Heart It,Usernames,8600635,2013,High,True,False
WedMeGood,WedMeGood,Email addresses,1306723,2021,High,True,False
WedMeGood,WedMeGood,Genders,1306723,2021,High,True,False
WedMeGood,WedMeGood,Names,1306723,2021,High,True,False
WedMeGood,WedMeGood,Passwords,1306723,2021,High,True,False
WedMeGood,WedMeGood,Phone numbers,1306723,2021,High,True,False
WedMeGood,WedMeGood,Physical addresses,1306723,2021,High,True,False
Weee,Weee,Delivery instructions,1117405,2022,High,True,False
Weee,Weee,Email addresses,1117405,2022,High,True,False
Weee,Weee,Names,1117405,2022,High,True,False
Weee,Weee,Phone numbers,1117405,2022,High,True,False
Weee,Weee,Purchases,1117405,2022,High,True,False
WeLeakInfo,WeLeakInfo,Browser user agent details,11788,2021,Low,True,True
WeLeakInfo,WeLeakInfo,Email addresses,11788,2021,Low,True,True
WeLeakInfo,WeLeakInfo,Employers,11788,2021,Low,True,True
WeLeakInfo,WeLeakInfo,IP addresses,11788,2021,Low,True,True
WeLeakInfo,WeLeakInfo,Names,11788,2021,Low,True,True
WeLeakInfo,WeLeakInfo,Partial credit card data,11788,2021,Low,True,True
WeLeakInfo,WeLeakInfo,Physical addresses,11788,2021,Low,True,True
WeLeakInfo,WeLeakInfo,Purchases,11788,2021,Low,True,True
Wendys,Wendy's,Education levels,52485,2018,Low,True,False
Wendys,Wendy's,Email addresses,52485,2018,Low,True,False
Wendys,Wendy's,IP addresses,52485,2018,Low,True,False
Wendys,Wendy's,Job applications,52485,2018,Low,True,False
Wendys,Wendy's,Names,52485,2018,Low,True,False
Wendys,Wendy's,Passwords,52485,2018,Low,True,False
Wendys,Wendy's,Phone numbers,52485,2018,Low,True,False
Wendys,Wendy's,Physical addresses,52485,2018,Low,True,False
Whitepages,Whitepages,Email addresses,11657763,2016,Critical,True,False
Whitepages,Whitepages,Names,11657763,2016,Critical,True,False
Whitepages,Whitepages,Passwords,11657763,2016,Critical,True,False
WHMCS,WHMCS,Email addresses,134047,2012,Medium,True,False
WHMCS,WHMCS,Email messages,134047,2012,Medium,True,False
WHMCS,WHMCS,Employers,134047,2012,Medium,True,False
WHMCS,WHMCS,IP addresses,134047,2012,Medium,True,False
WHMCS,WHMCS,Names,134047,2012,Medium,True,False
WHMCS,WHMCS,Partial credit card data,134047,2012,Medium,True,False
WHMCS,WHMCS,Passwords,134047,2012,Medium,True,False
WHMCS,WHMCS,Payment histories,134047,2012,Medium,True,False
WHMCS,WHMCS,Physical addresses,134047,2012,Medium,True,False
WHMCS,WHMCS,Website activity,134047,2012,Medium,True,False
WienerBuchereien,Wiener Büchereien,Dates of birth,224119,2019,Medium,True,False
WienerBuchereien,Wiener Büchereien,Email addresses,224119,2019,Medium,True,False
WienerBuchereien,Wiener Büchereien,Names,224119,2019,Medium,True,False
WienerBuchereien,Wiener Büchereien,Phone numbers,224119,2019,Medium,True,False
WienerBuchereien,Wiener Büchereien,Physical addresses,224119,2019,Medium,True,False
WifeLovers,Wife Lovers,Email addresses,1274051,2018,High,True,True
WifeLovers,Wife Lovers,IP addresses,1274051,2018,High,True,True
WifeLovers,Wife Lovers,Names,1274051,2018,High,True,True
WifeLovers,Wife Lovers,Passwords,1274051,2018,High,True,True
WifeLovers,Wife Lovers,Usernames,1274051,2018,High,True,True
WIIUISO,WIIU ISO,Email addresses,458155,2015,Medium,True,False
WIIUISO,WIIU ISO,IP addresses,458155,2015,Medium,True,False
WIIUISO,WIIU ISO,Passwords,458155,2015,Medium,True,False
WIIUISO,WIIU ISO,Usernames,458155,2015,Medium,True,False
WildStar,WildStar,Dates of birth,738556,2015,Medium,True,False
WildStar,WildStar,Email addresses,738556,2015,Medium,True,False
WildStar,WildStar,IP addresses,738556,2015,Medium,True,False
WildStar,WildStar,Passwords,738556,2015,Medium,True,False
WildStar,WildStar,Usernames,738556,2015,Medium,True,False
Win7Vista,Win7Vista Forum,Email addresses,202683,2013,Medium,True,False
Win7Vista,Win7Vista Forum,Instant messenger identities,202683,2013,Medium,True,False
Win7Vista,Win7Vista Forum,IP addresses,202683,2013,Medium,True,False
Win7Vista,Win7Vista Forum,Names,202683,2013,Medium,True,False
Win7Vista,Win7Vista Forum,Passwords,202683,2013,Medium,True,False
Win7Vista,Win7Vista Forum,Private messages,202683,2013,Medium,True,False
Win7Vista,Win7Vista Forum,Usernames,202683,2013,Medium,True,False
Win7Vista,Win7Vista Forum,Website activity,202683,2013,Medium,True,False
Wishbone,Wishbone (2016),Auth tokens,2247314,2016,High,True,False
Wishbone,Wishbone (2016),Dates of birth,2247314,2016,High,True,False
Wishbone,Wishbone (2016),Email addresses,2247314,2016,High,True,False
Wishbone,Wishbone (2016),Genders,2247314,2016,High,True,False
Wishbone,Wishbone (2016),Names,2247314,2016,High,True,False
Wishbone,Wishbone (2016),Phone numbers,2247314,2016,High,True,False
Wishbone,Wishbone (2016),Usernames,2247314,2016,High,True,False
Wishbone2020,Wishbone (2020),Auth tokens,9705172,2020,High,True,False
Wishbone2020,Wishbone (2020),Dates of birth,9705172,2020,High,True,False
Wishbone2020,Wishbone (2020),Email addresses,9705172,2020,High,True,False
Wishbone2020,Wishbone (2020),Genders,9705172,2020,High,True,False
Wishbone2020,Wishbone (2020),Geographic locations,9705172,2020,High,True,False
Wishbone2020,Wishbone (2020),IP addresses,9705172,2020,High,True,False
Wishbone2020,Wishbone (2020),Names,9705172,2020,High,True,False
Wishbone2020,Wishbone (2020),Passwords,9705172,2020,High,True,False
Wishbone2020,Wishbone (2020),Phone numbers,9705172,2020,High,True,False
Wishbone2020,Wishbone (2020),Profile photos,9705172,2020,High,True,False
Wishbone2020,Wishbone (2020),Social media profiles,9705172,2020,High,True,False
Wishbone2020,Wishbone (2020),Usernames,9705172,2020,High,True,False
WiziShop,WiziShop,Dates of birth,2856769,2020,High,True,False
WiziShop,WiziShop,Email addresses,2856769,2020,High,True,False
WiziShop,WiziShop,IP addresses,2856769,2020,High,True,False
WiziShop,WiziShop,Names,2856769,2020,High,True,False
WiziShop,WiziShop,Passwords,2856769,2020,High,True,False
WiziShop,WiziShop,Phone numbers,2856769,2020,High,True,False
WiziShop,WiziShop,Physical addresses,2856769,2020,High,True,False
Wongnai,Wongnai,Dates of birth,3924454,2020,High,True,False
Wongnai,Wongnai,Email addresses,3924454,2020,High,True,False
Wongnai,Wongnai,Geographic locations,3924454,2020,High,True,False
Wongnai,Wongnai,IP addresses,3924454,2020,High,True,False
Wongnai,Wongnai,Names,3924454,2020,High,True,False
Wongnai,Wongnai,Passwords,3924454,2020,High,True,False
Wongnai,Wongnai,Phone numbers,3924454,2020,High,True,False
Wongnai,Wongnai,Social media profiles,3924454,2020,High,True,False
WoTLabs,WoTLabs,Dates of birth,21994,2024,Low,True,False
WoTLabs,WoTLabs,Email addresses,21994,2024,Low,True,False
WoTLabs,WoTLabs,IP addresses,21994,2024,Low,True,False
WoTLabs,WoTLabs,Time zones,21994,2024,Low,True,False
WoTLabs,WoTLabs,Usernames,21994,2024,Low,True,False
WPSandbox,WPSandbox,Email addresses,858,2018,Low,True,False
WPSandbox,WPSandbox,Passwords,858,2018,Low,True,False
WPT,WPT Amateur Poker League,Email addresses,148366,2014,Medium,True,False
WPT,WPT Amateur Poker League,Passwords,148366,2014,Medium,True,False
xat,xat,Email addresses,5968783,2015,High,True,False
xat,xat,IP addresses,5968783,2015,High,True,False
xat,xat,Passwords,5968783,2015,High,True,False
xat,xat,Usernames,5968783,2015,High,True,False
xat,xat,Website activity,5968783,2015,High,True,False
Xbox360ISO,Xbox 360 ISO,Email addresses,1296959,2015,High,True,False
Xbox360ISO,Xbox 360 ISO,IP addresses,1296959,2015,High,True,False
Xbox360ISO,Xbox 360 ISO,Passwords,1296959,2015,High,True,False
Xbox360ISO,Xbox 360 ISO,Usernames,1296959,2015,High,True,False
Xbox-Scene,Xbox-Scene,Email addresses,432552,2015,Medium,True,False
Xbox-Scene,Xbox-Scene,IP addresses,432552,2015,Medium,True,False
Xbox-Scene,Xbox-Scene,Passwords,432552,2015,Medium,True,False
Xbox-Scene,Xbox-Scene,Usernames,432552,2015,Medium,True,False
xHamster,xHamster,Email addresses,377377,2016,Medium,True,True
xHamster,xHamster,Passwords,377377,2016,Medium,True,True
xHamster,xHamster,Usernames,377377,2016,Medium,True,True
Xiaomi,Xiaomi,Email addresses,7088010,2012,High,False,False
Xiaomi,Xiaomi,IP addresses,7088010,2012,High,False,False
Xiaomi,Xiaomi,Passwords,7088010,2012,High,False,False
Xiaomi,Xiaomi,Usernames,7088010,2012,High,False,False
XKCD,XKCD,Email addresses,561991,2019,Medium,True,False
XKCD,XKCD,IP addresses,561991,2019,Medium,True,False
XKCD,XKCD,Passwords,561991,2019,Medium,True,False
XKCD,XKCD,Usernames,561991,2019,Medium,True,False
XPGameSaves,XPG,Email addresses,890341,2016,Medium,True,False
XPGameSaves,XPG,IP addresses,890341,2016,Medium,True,False
XPGameSaves,XPG,Passwords,890341,2016,Medium,True,False
XPGameSaves,XPG,Usernames,890341,2016,Medium,True,False
XSplit,XSplit,Email addresses,2983472,2013,High,True,False
XSplit,XSplit,Names,2983472,2013,High,True,False
XSplit,XSplit,Passwords,2983472,2013,High,True,False
XSplit,XSplit,Usernames,2983472,2013,High,True,False
Yahoo,Yahoo,Email addresses,453427,2012,Medium,True,False
Yahoo,Yahoo,Passwords,453427,2012,Medium,True,False
Yam,Yam,Dates of birth,13258797,2013,Critical,True,False
Yam,Yam,Email addresses,13258797,2013,Critical,True,False
Yam,Yam,Names,13258797,2013,Critical,True,False
Yam,Yam,Passwords,13258797,2013,Critical,True,False
Yam,Yam,Phone numbers,13258797,2013,Critical,True,False
Yam,Yam,Physical addresses,13258797,2013,Critical,True,False
Yam,Yam,Usernames,13258797,2013,Critical,True,False
Yandex,Yandex Dump,Email addresses,1186564,2014,High,True,False
Yandex,Yandex Dump,Passwords,1186564,2014,High,True,False
Yatra,Yatra,Dates of birth,5033997,2013,High,True,False
Yatra,Yatra,Email addresses,5033997,2013,High,True,False
Yatra,Yatra,Names,5033997,2013,High,True,False
Yatra,Yatra,Passwords,5033997,2013,High,True,False
Yatra,Yatra,Phone numbers,5033997,2013,High,True,False
Yatra,Yatra,Physical addresses,5033997,2013,High,True,False
Yatra,Yatra,PINs,5033997,2013,High,True,False
YoteprestoCom,yotepresto.com,Email addresses,1444629,2020,High,True,False
YoteprestoCom,yotepresto.com,IP addresses,1444629,2020,High,True,False
YoteprestoCom,yotepresto.com,Passwords,1444629,2020,High,True,False
YoteprestoCom,yotepresto.com,Usernames,1444629,2020,High,True,False
Youku,Youku,Email addresses,91890110,2016,Critical,True,False
Youku,Youku,Passwords,91890110,2016,Critical,True,False
YouNow,YouNow,Email addresses,18241518,2019,Critical,True,False
YouNow,YouNow,IP addresses,18241518,2019,Critical,True,False
YouNow,YouNow,Names,18241518,2019,Critical,True,False
YouNow,YouNow,Social media profiles,18241518,2019,Critical,True,False
YouNow,YouNow,Usernames,18241518,2019,Critical,True,False
YouPorn,YouPorn,Email addresses,1327567,2012,High,True,True
YouPorn,YouPorn,Passwords,1327567,2012,High,True,True
YouveBeenScraped,You've Been Scraped,Email addresses,66147869,2018,Critical,True,False
YouveBeenScraped,You've Been Scraped,Employers,66147869,2018,Critical,True,False
YouveBeenScraped,You've Been Scraped,Geographic locations,66147869,2018,Critical,True,False
YouveBeenScraped,You've Been Scraped,Job titles,66147869,2018,Critical,True,False
YouveBeenScraped,You've Been Scraped,Names,66147869,2018,Critical,True,False
YouveBeenScraped,You've Been Scraped,Social media profiles,66147869,2018,Critical,True,False
Zacks,Zacks,Email addresses,8929503,2020,High,True,False
Zacks,Zacks,Names,8929503,2020,High,True,False
Zacks,Zacks,Passwords,8929503,2020,High,True,False
Zacks,Zacks,Phone numbers,8929503,2020,High,True,False
Zacks,Zacks,Physical addresses,8929503,2020,High,True,False
Zacks,Zacks,Usernames,8929503,2020,High,True,False
ZAPHosting,ZAP-Hosting,Browser user agent details,746682,2021,Medium,True,False
ZAPHosting,ZAP-Hosting,Chat logs,746682,2021,Medium,True,False
ZAPHosting,ZAP-Hosting,Email addresses,746682,2021,Medium,True,False
ZAPHosting,ZAP-Hosting,IP addresses,746682,2021,Medium,True,False
ZAPHosting,ZAP-Hosting,Names,746682,2021,Medium,True,False
ZAPHosting,ZAP-Hosting,Phone numbers,746682,2021,Medium,True,False
ZAPHosting,ZAP-Hosting,Physical addresses,746682,2021,Medium,True,False
ZAPHosting,ZAP-Hosting,Purchases,746682,2021,Medium,True,False
Zhenai,Zhenai.com,Email addresses,5024908,2011,High,False,True
Zhenai,Zhenai.com,Passwords,5024908,2011,High,False,True
Zomato,Zomato,Email addresses,16472873,2017,Critical,True,False
Zomato,Zomato,Passwords,16472873,2017,Critical,True,False
Zomato,Zomato,Usernames,16472873,2017,Critical,True,False
Zoomcar,Zoomcar,Email addresses,3589795,2018,High,True,False
Zoomcar,Zoomcar,IP addresses,3589795,2018,High,True,False
Zoomcar,Zoomcar,Names,3589795,2018,High,True,False
Zoomcar,Zoomcar,Passwords,3589795,2018,High,True,False
Zoomcar,Zoomcar,Phone numbers,3589795,2018,High,True,False
Zoosk,Zoosk (2011),Email addresses,52578183,2011,Critical,False,True
Zoosk,Zoosk (2011),Passwords,52578183,2011,Critical,False,True
Zoosk2020,Zoosk (2020),Dates of birth,23927853,2020,Critical,True,True
Zoosk2020,Zoosk (2020),Drinking habits,23927853,2020,Critical,True,True
Zoosk2020,Zoosk (2020),Education levels,23927853,2020,Critical,True,True
Zoosk2020,Zoosk (2020),Email addresses,23927853,2020,Critical,True,True
Zoosk2020,Zoosk (2020),Ethnicities,23927853,2020,Critical,True,True
Zoosk2020,Zoosk (2020),Family structure,23927853,2020,Critical,True,True
Zoosk2020,Zoosk (2020),Genders,23927853,2020,Critical,True,True
Zoosk2020,Zoosk (2020),Geographic locations,23927853,2020,Critical,True,True
Zoosk2020,Zoosk (2020),Income levels,23927853,2020,Critical,True,True
Zoosk2020,Zoosk (2020),Names,23927853,2020,Critical,True,True
Zoosk2020,Zoosk (2020),Nicknames,23927853,2020,Critical,True,True
Zoosk2020,Zoosk (2020),Physical attributes,23927853,2020,Critical,True,True
Zoosk2020,Zoosk (2020),Political views,23927853,2020,Critical,True,True
Zoosk2020,Zoosk (2020),Relationship statuses,23927853,2020,Critical,True,True
Zoosk2020,Zoosk (2020),Religions,23927853,2020,Critical,True,True
Zoosk2020,Zoosk (2020),Sexual orientations,23927853,2020,Critical,True,True
Zoosk2020,Zoosk (2020),Smoking habits,23927853,2020,Critical,True,True
Zooville,Zooville,Dates of birth,71407,2019,Low,True,True
Zooville,Zooville,Email addresses,71407,2019,Low,True,True
Zooville,Zooville,IP addresses,71407,2019,Low,True,True
Zooville,Zooville,Passwords,71407,2019,Low,True,True
Zooville,Zooville,Usernames,71407,2019,Low,True,True
Zurich,Zurich,Dates of birth,756737,2023,Medium,True,False
Zurich,Zurich,Email addresses,756737,2023,Medium,True,False
Zurich,Zurich,Genders,756737,2023,Medium,True,False
Zurich,Zurich,Names,756737,2023,Medium,True,False
Zurich,Zurich,Vehicle details,756737,2023,Medium,True,False
Zynga,Zynga,Email addresses,172869660,2019,Critical,True,False
Zynga,Zynga,Passwords,172869660,2019,Critical,True,False
Zynga,Zynga,Phone numbers,172869660,2019,Critical,True,False
Zynga,Zynga,Usernames,172869660,2019,Critical,True,False
Parapa,Пара Па,Email addresses,4946850,2016,High,True,False
Parapa,Пара Па,Passwords,4946850,2016,High,True,False
Parapa,Пара Па,Usernames,4946850,2016,High,True,False
SprashivaiRu,Спрашивай.ру,Dates of birth,3474763,2015,High,True,False
SprashivaiRu,Спрашивай.ру,Email addresses,3474763,2015,High,True,False
SprashivaiRu,Спрашивай.ру,Genders,3474763,2015,High,True,False
SprashivaiRu,Спрашивай.ру,Geographic locations,3474763,2015,High,True,False
SprashivaiRu,Спрашивай.ру,IP addresses,3474763,2015,High,True,False
SprashivaiRu,Спрашивай.ру,Passwords,3474763,2015,High,True,False
SprashivaiRu,Спрашивай.ру,Spoken languages,3474763,2015,High,True,False
DecoratingTheHouse,집꾸미기,Email addresses,1298651,2020,High,True,False
DecoratingTheHouse,집꾸미기,Names,1298651,2020,High,True,False
DecoratingTheHouse,집꾸미기,Phone numbers,1298651,2020,High,True,False
DecoratingTheHouse,집꾸미기,Usernames,1298651,2020,High,True,False
